date,latitude,longitude,fire_id
2018-07-27,40.53112610923011,-112.96324224917656,fire_21890106
2018-07-28,40.53112610923011,-112.96324224917656,fire_21890106
2018-07-29,40.53112610923011,-112.96324224917656,fire_21890106
2018-07-30,40.53112610923011,-112.96324224917656,fire_21890106
2018-07-31,40.53112610923011,-112.96324224917656,fire_21890106
2018-08-01,40.53112610923011,-112.96324224917656,fire_21890106
2018-08-02,40.53112610923011,-112.96324224917656,fire_21890106
2018-08-03,40.53112610923011,-112.96324224917656,fire_21890106
2018-08-04,40.53112610923011,-112.96324224917656,fire_21890106
2018-08-05,40.53112610923011,-112.96324224917656,fire_21890106
2018-07-28,39.68432382031055,-108.73123712289728,fire_21890134
2018-07-29,39.68432382031055,-108.73123712289728,fire_21890134
2018-07-30,39.68432382031055,-108.73123712289728,fire_21890134
2018-07-31,39.68432382031055,-108.73123712289728,fire_21890134
2018-08-01,39.68432382031055,-108.73123712289728,fire_21890134
2018-08-02,39.68432382031055,-108.73123712289728,fire_21890134
2018-08-03,39.68432382031055,-108.73123712289728,fire_21890134
2018-08-04,39.68432382031055,-108.73123712289728,fire_21890134
2018-08-05,39.68432382031055,-108.73123712289728,fire_21890134
2018-08-01,41.85487852049264,-112.3583415541702,fire_21998263
2018-08-02,41.85487852049264,-112.3583415541702,fire_21998263
2018-08-03,41.85487852049264,-112.3583415541702,fire_21998263
2018-08-04,41.85487852049264,-112.3583415541702,fire_21998263
2018-08-05,41.85487852049264,-112.3583415541702,fire_21998263
2018-08-06,41.85487852049264,-112.3583415541702,fire_21998263
2018-08-07,41.85487852049264,-112.3583415541702,fire_21998263
2018-08-01,41.81714825940576,-112.68280093410355,fire_21998265
2018-08-02,41.81714825940576,-112.68280093410355,fire_21998265
2018-08-03,41.81714825940576,-112.68280093410355,fire_21998265
2018-08-04,41.81714825940576,-112.68280093410355,fire_21998265
2018-08-05,41.81714825940576,-112.68280093410355,fire_21998265
2018-08-06,41.81714825940576,-112.68280093410355,fire_21998265
2018-09-02,40.9633946684397,-109.0585309929598,fire_22141571
2018-09-03,40.9633946684397,-109.0585309929598,fire_22141571
2018-09-04,40.9633946684397,-109.0585309929598,fire_22141571
2018-09-05,40.9633946684397,-109.0585309929598,fire_22141571
2018-09-06,40.9633946684397,-109.0585309929598,fire_22141571
2018-09-07,40.9633946684397,-109.0585309929598,fire_22141571
2018-09-08,40.9633946684397,-109.0585309929598,fire_22141571
2018-09-09,40.9633946684397,-109.0585309929598,fire_22141571
2018-09-10,40.9633946684397,-109.0585309929598,fire_22141571
2019-03-11,42.85802599498701,-118.97333250697125,fire_22710141
2019-03-12,42.85802599498701,-118.97333250697125,fire_22710141
2019-03-13,42.85802599498701,-118.97333250697125,fire_22710141
2019-03-14,42.85802599498701,-118.97333250697125,fire_22710141
2019-03-15,42.85802599498701,-118.97333250697125,fire_22710141
2019-03-16,42.85802599498701,-118.97333250697125,fire_22710141
2019-03-17,42.85802599498701,-118.97333250697125,fire_22710141
2019-03-18,42.85802599498701,-118.97333250697125,fire_22710141
2019-03-19,42.85802599498701,-118.97333250697125,fire_22710141
2019-03-20,42.85802599498701,-118.97333250697125,fire_22710141
2019-03-21,42.85802599498701,-118.97333250697125,fire_22710141
2019-05-22,35.81316853736056,-120.80059462265343,fire_22863125
2019-05-23,35.81316853736056,-120.80059462265343,fire_22863125
2019-05-24,35.81316853736056,-120.80059462265343,fire_22863125
2019-05-25,35.81316853736056,-120.80059462265343,fire_22863125
2019-05-26,35.81316853736056,-120.80059462265343,fire_22863125
2019-05-27,35.81316853736056,-120.80059462265343,fire_22863125
2019-05-28,35.81316853736056,-120.80059462265343,fire_22863125
2019-05-29,35.81316853736056,-120.80059462265343,fire_22863125
2019-05-30,35.81316853736056,-120.80059462265343,fire_22863125
2019-05-31,35.81316853736056,-120.80059462265343,fire_22863125
2019-06-01,35.81316853736056,-120.80059462265343,fire_22863125
2019-06-08,33.49683128821324,-111.19124161705687,fire_22938749
2019-06-09,33.49683128821324,-111.19124161705687,fire_22938749
2019-06-10,33.49683128821324,-111.19124161705687,fire_22938749
2019-06-11,33.49683128821324,-111.19124161705687,fire_22938749
2019-06-12,33.49683128821324,-111.19124161705687,fire_22938749
2019-06-13,33.49683128821324,-111.19124161705687,fire_22938749
2019-06-14,33.49683128821324,-111.19124161705687,fire_22938749
2019-06-15,33.49683128821324,-111.19124161705687,fire_22938749
2019-06-16,33.49683128821324,-111.19124161705687,fire_22938749
2019-06-17,33.49683128821324,-111.19124161705687,fire_22938749
2019-06-18,33.49683128821324,-111.19124161705687,fire_22938749
2019-06-19,33.49683128821324,-111.19124161705687,fire_22938749
2019-06-20,33.49683128821324,-111.19124161705687,fire_22938749
2019-06-21,33.49683128821324,-111.19124161705687,fire_22938749
2019-06-22,33.49683128821324,-111.19124161705687,fire_22938749
2019-06-23,33.49683128821324,-111.19124161705687,fire_22938749
2019-06-24,33.49683128821324,-111.19124161705687,fire_22938749
2019-06-25,33.49683128821324,-111.19124161705687,fire_22938749
2019-06-26,33.49683128821324,-111.19124161705687,fire_22938749
2019-06-27,33.49683128821324,-111.19124161705687,fire_22938749
2019-06-28,33.49683128821324,-111.19124161705687,fire_22938749
2019-06-29,33.49683128821324,-111.19124161705687,fire_22938749
2019-06-30,33.49683128821324,-111.19124161705687,fire_22938749
2019-07-01,33.49683128821324,-111.19124161705687,fire_22938749
2019-06-01,46.8528816316074,-119.78399798193836,fire_22939556
2019-06-02,46.8528816316074,-119.78399798193836,fire_22939556
2019-06-03,46.8528816316074,-119.78399798193836,fire_22939556
2019-06-04,46.8528816316074,-119.78399798193836,fire_22939556
2019-06-05,46.8528816316074,-119.78399798193836,fire_22939556
2019-06-06,46.8528816316074,-119.78399798193836,fire_22939556
2019-06-07,46.8528816316074,-119.78399798193836,fire_22939556
2019-06-08,46.8528816316074,-119.78399798193836,fire_22939556
2019-06-09,46.8528816316074,-119.78399798193836,fire_22939556
2019-06-10,46.8528816316074,-119.78399798193836,fire_22939556
2019-06-11,46.8528816316074,-119.78399798193836,fire_22939556
2019-06-12,46.8528816316074,-119.78399798193836,fire_22939556
2019-06-19,33.63616170279636,-105.2598360450779,fire_22939600
2019-06-20,33.63616170279636,-105.2598360450779,fire_22939600
2019-06-21,33.63616170279636,-105.2598360450779,fire_22939600
2019-06-22,33.63616170279636,-105.2598360450779,fire_22939600
2019-06-23,33.63616170279636,-105.2598360450779,fire_22939600
2019-06-24,33.63616170279636,-105.2598360450779,fire_22939600
2019-06-25,33.63616170279636,-105.2598360450779,fire_22939600
2019-06-26,33.63616170279636,-105.2598360450779,fire_22939600
2019-06-27,33.63616170279636,-105.2598360450779,fire_22939600
2019-06-28,33.63616170279636,-105.2598360450779,fire_22939600
2019-06-29,33.63616170279636,-105.2598360450779,fire_22939600
2019-06-30,33.63616170279636,-105.2598360450779,fire_22939600
2019-07-01,33.63616170279636,-105.2598360450779,fire_22939600
2019-07-02,33.63616170279636,-105.2598360450779,fire_22939600
2019-07-03,33.63616170279636,-105.2598360450779,fire_22939600
2019-07-04,33.63616170279636,-105.2598360450779,fire_22939600
2019-07-05,33.63616170279636,-105.2598360450779,fire_22939600
2019-07-06,33.63616170279636,-105.2598360450779,fire_22939600
2019-07-07,33.63616170279636,-105.2598360450779,fire_22939600
2019-07-24,42.86525716747762,-123.28664379842782,fire_23036522
2019-07-25,42.86525716747762,-123.28664379842782,fire_23036522
2019-07-26,42.86525716747762,-123.28664379842782,fire_23036522
2019-07-27,42.86525716747762,-123.28664379842782,fire_23036522
2019-07-28,42.86525716747762,-123.28664379842782,fire_23036522
2019-07-29,42.86525716747762,-123.28664379842782,fire_23036522
2019-07-30,42.86525716747762,-123.28664379842782,fire_23036522
2019-07-31,42.86525716747762,-123.28664379842782,fire_23036522
2019-08-01,42.86525716747762,-123.28664379842782,fire_23036522
2019-08-02,42.86525716747762,-123.28664379842782,fire_23036522
2019-07-28,41.82538401833694,-121.22377897561996,fire_23036523
2019-07-29,41.82538401833694,-121.22377897561996,fire_23036523
2019-07-30,41.82538401833694,-121.22377897561996,fire_23036523
2019-07-31,41.82538401833694,-121.22377897561996,fire_23036523
2019-08-01,41.82538401833694,-121.22377897561996,fire_23036523
2019-08-02,41.82538401833694,-121.22377897561996,fire_23036523
2019-07-14,33.40875208782983,-110.1471550830637,fire_23036565
2019-07-15,33.40875208782983,-110.1471550830637,fire_23036565
2019-07-16,33.40875208782983,-110.1471550830637,fire_23036565
2019-07-17,33.40875208782983,-110.1471550830637,fire_23036565
2019-07-18,33.40875208782983,-110.1471550830637,fire_23036565
2019-07-19,33.40875208782983,-110.1471550830637,fire_23036565
2019-07-20,33.40875208782983,-110.1471550830637,fire_23036565
2019-07-21,33.40875208782983,-110.1471550830637,fire_23036565
2019-07-22,33.40875208782983,-110.1471550830637,fire_23036565
2019-07-23,33.40875208782983,-110.1471550830637,fire_23036565
2019-07-17,46.47210311410917,-119.69838139455253,fire_23036806
2019-07-18,46.47210311410917,-119.69838139455253,fire_23036806
2019-07-19,46.47210311410917,-119.69838139455253,fire_23036806
2019-07-20,46.47210311410917,-119.69838139455253,fire_23036806
2019-07-21,46.47210311410917,-119.69838139455253,fire_23036806
2019-07-22,46.47210311410917,-119.69838139455253,fire_23036806
2019-07-23,46.47210311410917,-119.69838139455253,fire_23036806
2019-07-22,42.26056553832341,-115.64443808789687,fire_23036877
2019-07-23,42.26056553832341,-115.64443808789687,fire_23036877
2019-07-24,42.26056553832341,-115.64443808789687,fire_23036877
2019-07-25,42.26056553832341,-115.64443808789687,fire_23036877
2019-07-26,42.26056553832341,-115.64443808789687,fire_23036877
2019-07-27,42.26056553832341,-115.64443808789687,fire_23036877
2019-07-28,42.26056553832341,-115.64443808789687,fire_23036877
2019-07-31,47.488697361702734,-108.26915932688853,fire_23037423
2019-08-01,47.488697361702734,-108.26915932688853,fire_23037423
2019-08-02,47.488697361702734,-108.26915932688853,fire_23037423
2019-08-03,47.488697361702734,-108.26915932688853,fire_23037423
2019-08-04,47.488697361702734,-108.26915932688853,fire_23037423
2019-08-05,47.488697361702734,-108.26915932688853,fire_23037423
2019-08-06,47.488697361702734,-108.26915932688853,fire_23037423
2019-08-07,35.01388926045836,-111.89673673530976,fire_23159642
2019-08-08,35.01388926045836,-111.89673673530976,fire_23159642
2019-08-09,35.01388926045836,-111.89673673530976,fire_23159642
2019-08-10,35.01388926045836,-111.89673673530976,fire_23159642
2019-08-11,35.01388926045836,-111.89673673530976,fire_23159642
2019-08-12,35.01388926045836,-111.89673673530976,fire_23159642
2019-08-13,35.01388926045836,-111.89673673530976,fire_23159642
2019-08-14,35.01388926045836,-111.89673673530976,fire_23159642
2019-08-15,35.01388926045836,-111.89673673530976,fire_23159642
2019-08-16,35.01388926045836,-111.89673673530976,fire_23159642
2019-08-17,35.01388926045836,-111.89673673530976,fire_23159642
2019-08-18,35.01388926045836,-111.89673673530976,fire_23159642
2019-08-19,35.01388926045836,-111.89673673530976,fire_23159642
2019-08-20,35.01388926045836,-111.89673673530976,fire_23159642
2019-08-21,35.01388926045836,-111.89673673530976,fire_23159642
2019-08-22,35.01388926045836,-111.89673673530976,fire_23159642
2019-08-23,35.01388926045836,-111.89673673530976,fire_23159642
2019-08-11,34.76188080765286,-112.89213236397966,fire_23159647
2019-08-12,34.76188080765286,-112.89213236397966,fire_23159647
2019-08-13,34.76188080765286,-112.89213236397966,fire_23159647
2019-08-14,34.76188080765286,-112.89213236397966,fire_23159647
2019-08-15,34.76188080765286,-112.89213236397966,fire_23159647
2019-08-16,34.76188080765286,-112.89213236397966,fire_23159647
2019-08-17,34.76188080765286,-112.89213236397966,fire_23159647
2019-08-18,34.76188080765286,-112.89213236397966,fire_23159647
2019-08-19,34.76188080765286,-112.89213236397966,fire_23159647
2019-08-20,34.76188080765286,-112.89213236397966,fire_23159647
2019-08-21,34.76188080765286,-112.89213236397966,fire_23159647
2019-08-22,34.76188080765286,-112.89213236397966,fire_23159647
2019-08-23,34.76188080765286,-112.89213236397966,fire_23159647
2019-08-24,34.76188080765286,-112.89213236397966,fire_23159647
2019-08-25,34.76188080765286,-112.89213236397966,fire_23159647
2019-08-26,34.76188080765286,-112.89213236397966,fire_23159647
2019-08-27,34.76188080765286,-112.89213236397966,fire_23159647
2019-08-28,34.76188080765286,-112.89213236397966,fire_23159647
2019-08-29,34.76188080765286,-112.89213236397966,fire_23159647
2019-08-30,34.76188080765286,-112.89213236397966,fire_23159647
2019-08-31,34.76188080765286,-112.89213236397966,fire_23159647
2019-09-01,34.76188080765286,-112.89213236397966,fire_23159647
2019-09-02,34.76188080765286,-112.89213236397966,fire_23159647
2019-09-03,34.76188080765286,-112.89213236397966,fire_23159647
2019-09-04,34.76188080765286,-112.89213236397966,fire_23159647
2019-08-04,33.721423565009665,-111.58544022732262,fire_23159657
2019-08-05,33.721423565009665,-111.58544022732262,fire_23159657
2019-08-06,33.721423565009665,-111.58544022732262,fire_23159657
2019-08-07,33.721423565009665,-111.58544022732262,fire_23159657
2019-08-08,33.721423565009665,-111.58544022732262,fire_23159657
2019-08-09,33.721423565009665,-111.58544022732262,fire_23159657
2019-08-10,33.721423565009665,-111.58544022732262,fire_23159657
2019-08-11,33.721423565009665,-111.58544022732262,fire_23159657
2019-08-12,33.721423565009665,-111.58544022732262,fire_23159657
2019-08-04,45.33614594432002,-114.46819796864702,fire_23159787
2019-08-05,45.33614594432002,-114.46819796864702,fire_23159787
2019-08-06,45.33614594432002,-114.46819796864702,fire_23159787
2019-08-07,45.33614594432002,-114.46819796864702,fire_23159787
2019-08-08,45.33614594432002,-114.46819796864702,fire_23159787
2019-08-09,45.33614594432002,-114.46819796864702,fire_23159787
2019-08-10,45.33614594432002,-114.46819796864702,fire_23159787
2019-08-11,45.33614594432002,-114.46819796864702,fire_23159787
2019-08-12,45.33614594432002,-114.46819796864702,fire_23159787
2019-08-13,45.33614594432002,-114.46819796864702,fire_23159787
2019-08-14,45.33614594432002,-114.46819796864702,fire_23159787
2019-08-15,45.33614594432002,-114.46819796864702,fire_23159787
2019-08-16,45.33614594432002,-114.46819796864702,fire_23159787
2019-08-17,45.33614594432002,-114.46819796864702,fire_23159787
2019-08-02,45.26288422988783,-115.89690405450726,fire_23159789
2019-08-03,45.26288422988783,-115.89690405450726,fire_23159789
2019-08-04,45.26288422988783,-115.89690405450726,fire_23159789
2019-08-05,45.26288422988783,-115.89690405450726,fire_23159789
2019-08-06,45.26288422988783,-115.89690405450726,fire_23159789
2019-08-07,45.26288422988783,-115.89690405450726,fire_23159789
2019-08-08,45.26288422988783,-115.89690405450726,fire_23159789
2019-08-09,45.26288422988783,-115.89690405450726,fire_23159789
2019-08-10,45.26288422988783,-115.89690405450726,fire_23159789
2019-08-11,45.26288422988783,-115.89690405450726,fire_23159789
2019-08-12,45.26288422988783,-115.89690405450726,fire_23159789
2019-08-13,45.26288422988783,-115.89690405450726,fire_23159789
2019-08-05,41.95160621714655,-114.18136778564224,fire_23159841
2019-08-06,41.95160621714655,-114.18136778564224,fire_23159841
2019-08-07,41.95160621714655,-114.18136778564224,fire_23159841
2019-08-08,41.95160621714655,-114.18136778564224,fire_23159841
2019-08-09,41.95160621714655,-114.18136778564224,fire_23159841
2019-08-10,41.95160621714655,-114.18136778564224,fire_23159841
2019-08-11,41.95160621714655,-114.18136778564224,fire_23159841
2019-08-02,41.91138728492516,-112.96086364628358,fire_23159842
2019-08-03,41.91138728492516,-112.96086364628358,fire_23159842
2019-08-04,41.91138728492516,-112.96086364628358,fire_23159842
2019-08-05,41.91138728492516,-112.96086364628358,fire_23159842
2019-08-06,41.91138728492516,-112.96086364628358,fire_23159842
2019-08-07,41.91138728492516,-112.96086364628358,fire_23159842
2019-08-08,41.91138728492516,-112.96086364628358,fire_23159842
2019-08-06,41.44883590536839,-113.1386287984726,fire_23159853
2019-08-07,41.44883590536839,-113.1386287984726,fire_23159853
2019-08-08,41.44883590536839,-113.1386287984726,fire_23159853
2019-08-09,41.44883590536839,-113.1386287984726,fire_23159853
2019-08-10,41.44883590536839,-113.1386287984726,fire_23159853
2019-08-11,41.44883590536839,-113.1386287984726,fire_23159853
2019-08-07,47.62771179570069,-108.1604483359882,fire_23160488
2019-08-08,47.62771179570069,-108.1604483359882,fire_23160488
2019-08-09,47.62771179570069,-108.1604483359882,fire_23160488
2019-08-10,47.62771179570069,-108.1604483359882,fire_23160488
2019-08-11,47.62771179570069,-108.1604483359882,fire_23160488
2019-08-12,47.62771179570069,-108.1604483359882,fire_23160488
2019-08-13,47.62771179570069,-108.1604483359882,fire_23160488
2019-08-14,47.62771179570069,-108.1604483359882,fire_23160488
2019-08-15,47.62771179570069,-108.1604483359882,fire_23160488
2019-08-16,47.62771179570069,-108.1604483359882,fire_23160488
2019-08-17,47.62771179570069,-108.1604483359882,fire_23160488
2019-09-03,40.08895328294924,-120.59686721875585,fire_23300669
2019-09-04,40.08895328294924,-120.59686721875585,fire_23300669
2019-09-05,40.08895328294924,-120.59686721875585,fire_23300669
2019-09-06,40.08895328294924,-120.59686721875585,fire_23300669
2019-09-07,40.08895328294924,-120.59686721875585,fire_23300669
2019-09-08,40.08895328294924,-120.59686721875585,fire_23300669
2019-09-09,40.08895328294924,-120.59686721875585,fire_23300669
2019-09-10,40.08895328294924,-120.59686721875585,fire_23300669
2019-09-11,40.08895328294924,-120.59686721875585,fire_23300669
2019-09-12,40.08895328294924,-120.59686721875585,fire_23300669
2019-09-13,40.08895328294924,-120.59686721875585,fire_23300669
2019-09-14,40.08895328294924,-120.59686721875585,fire_23300669
2019-09-15,40.08895328294924,-120.59686721875585,fire_23300669
2019-09-16,40.08895328294924,-120.59686721875585,fire_23300669
2019-09-17,40.08895328294924,-120.59686721875585,fire_23300669
2019-09-18,40.08895328294924,-120.59686721875585,fire_23300669
2019-09-19,40.08895328294924,-120.59686721875585,fire_23300669
2019-09-24,39.28453680305428,-121.5459062178905,fire_23300689
2019-09-25,39.28453680305428,-121.5459062178905,fire_23300689
2019-09-26,39.28453680305428,-121.5459062178905,fire_23300689
2019-09-27,39.28453680305428,-121.5459062178905,fire_23300689
2019-09-28,39.28453680305428,-121.5459062178905,fire_23300689
2019-09-29,39.28453680305428,-121.5459062178905,fire_23300689
2019-09-30,39.28453680305428,-121.5459062178905,fire_23300689
2019-10-01,39.28453680305428,-121.5459062178905,fire_23300689
2019-10-02,39.28453680305428,-121.5459062178905,fire_23300689
2019-10-03,39.28453680305428,-121.5459062178905,fire_23300689
2019-10-04,39.28453680305428,-121.5459062178905,fire_23300689
2019-10-05,39.28453680305428,-121.5459062178905,fire_23300689
2019-10-06,39.28453680305428,-121.5459062178905,fire_23300689
2019-10-07,39.28453680305428,-121.5459062178905,fire_23300689
2019-10-08,39.28453680305428,-121.5459062178905,fire_23300689
2019-10-09,39.28453680305428,-121.5459062178905,fire_23300689
2019-10-10,39.28453680305428,-121.5459062178905,fire_23300689
2019-10-11,39.28453680305428,-121.5459062178905,fire_23300689
2019-09-05,37.02273260981911,-118.35024658105762,fire_23300712
2019-09-06,37.02273260981911,-118.35024658105762,fire_23300712
2019-09-07,37.02273260981911,-118.35024658105762,fire_23300712
2019-09-08,37.02273260981911,-118.35024658105762,fire_23300712
2019-09-09,37.02273260981911,-118.35024658105762,fire_23300712
2019-09-10,37.02273260981911,-118.35024658105762,fire_23300712
2019-09-11,37.02273260981911,-118.35024658105762,fire_23300712
2019-09-12,37.02273260981911,-118.35024658105762,fire_23300712
2019-09-13,37.02273260981911,-118.35024658105762,fire_23300712
2019-09-14,37.02273260981911,-118.35024658105762,fire_23300712
2019-09-15,37.02273260981911,-118.35024658105762,fire_23300712
2019-09-16,37.02273260981911,-118.35024658105762,fire_23300712
2019-09-17,37.02273260981911,-118.35024658105762,fire_23300712
2019-09-18,37.02273260981911,-118.35024658105762,fire_23300712
2019-09-19,37.02273260981911,-118.35024658105762,fire_23300712
2019-09-20,37.02273260981911,-118.35024658105762,fire_23300712
2019-09-21,37.02273260981911,-118.35024658105762,fire_23300712
2019-09-22,37.02273260981911,-118.35024658105762,fire_23300712
2019-09-23,37.02273260981911,-118.35024658105762,fire_23300712
2019-09-24,37.02273260981911,-118.35024658105762,fire_23300712
2019-09-04,33.97712263352423,-111.97554475660078,fire_23300741
2019-09-05,33.97712263352423,-111.97554475660078,fire_23300741
2019-09-06,33.97712263352423,-111.97554475660078,fire_23300741
2019-09-07,33.97712263352423,-111.97554475660078,fire_23300741
2019-09-08,33.97712263352423,-111.97554475660078,fire_23300741
2019-09-09,33.97712263352423,-111.97554475660078,fire_23300741
2019-09-10,33.97712263352423,-111.97554475660078,fire_23300741
2019-09-11,33.97712263352423,-111.97554475660078,fire_23300741
2019-09-12,33.97712263352423,-111.97554475660078,fire_23300741
2019-09-13,33.97712263352423,-111.97554475660078,fire_23300741
2019-09-14,33.97712263352423,-111.97554475660078,fire_23300741
2019-09-05,33.54965314955414,-117.25981698427272,fire_23300744
2019-09-06,33.54965314955414,-117.25981698427272,fire_23300744
2019-09-07,33.54965314955414,-117.25981698427272,fire_23300744
2019-09-08,33.54965314955414,-117.25981698427272,fire_23300744
2019-09-09,33.54965314955414,-117.25981698427272,fire_23300744
2019-09-10,33.54965314955414,-117.25981698427272,fire_23300744
2019-09-07,46.37794057373529,-116.47723967327929,fire_23300839
2019-09-08,46.37794057373529,-116.47723967327929,fire_23300839
2019-09-09,46.37794057373529,-116.47723967327929,fire_23300839
2019-09-10,46.37794057373529,-116.47723967327929,fire_23300839
2019-09-11,46.37794057373529,-116.47723967327929,fire_23300839
2019-09-12,46.37794057373529,-116.47723967327929,fire_23300839
2019-09-13,46.37794057373529,-116.47723967327929,fire_23300839
2019-09-14,46.37794057373529,-116.47723967327929,fire_23300839
2019-09-15,46.37794057373529,-116.47723967327929,fire_23300839
2019-09-16,46.37794057373529,-116.47723967327929,fire_23300839
2019-09-17,46.37794057373529,-116.47723967327929,fire_23300839
2019-09-18,46.37794057373529,-116.47723967327929,fire_23300839
2019-09-19,46.37794057373529,-116.47723967327929,fire_23300839
2019-09-20,46.37794057373529,-116.47723967327929,fire_23300839
2019-09-21,46.37794057373529,-116.47723967327929,fire_23300839
2019-09-22,46.37794057373529,-116.47723967327929,fire_23300839
2019-09-08,46.32265611741983,-116.55780003360476,fire_23300861
2019-09-09,46.32265611741983,-116.55780003360476,fire_23300861
2019-09-10,46.32265611741983,-116.55780003360476,fire_23300861
2019-09-11,46.32265611741983,-116.55780003360476,fire_23300861
2019-09-12,46.32265611741983,-116.55780003360476,fire_23300861
2019-09-13,46.32265611741983,-116.55780003360476,fire_23300861
2019-09-14,46.32265611741983,-116.55780003360476,fire_23300861
2019-09-15,46.32265611741983,-116.55780003360476,fire_23300861
2019-09-16,46.32265611741983,-116.55780003360476,fire_23300861
2019-09-17,46.32265611741983,-116.55780003360476,fire_23300861
2019-09-18,46.32265611741983,-116.55780003360476,fire_23300861
2019-09-19,46.32265611741983,-116.55780003360476,fire_23300861
2019-09-20,46.32265611741983,-116.55780003360476,fire_23300861
2019-09-21,46.32265611741983,-116.55780003360476,fire_23300861
2019-09-22,46.32265611741983,-116.55780003360476,fire_23300861
2019-09-23,46.32265611741983,-116.55780003360476,fire_23300861
2019-09-11,46.26572120376248,-116.5623044889346,fire_23300886
2019-09-12,46.26572120376248,-116.5623044889346,fire_23300886
2019-09-13,46.26572120376248,-116.5623044889346,fire_23300886
2019-09-14,46.26572120376248,-116.5623044889346,fire_23300886
2019-09-15,46.26572120376248,-116.5623044889346,fire_23300886
2019-09-16,46.26572120376248,-116.5623044889346,fire_23300886
2019-09-17,46.26572120376248,-116.5623044889346,fire_23300886
2019-09-18,46.26572120376248,-116.5623044889346,fire_23300886
2019-09-19,46.26572120376248,-116.5623044889346,fire_23300886
2019-09-20,46.26572120376248,-116.5623044889346,fire_23300886
2019-09-06,38.06010226727599,-113.1427871575806,fire_23301106
2019-09-07,38.06010226727599,-113.1427871575806,fire_23301106
2019-09-08,38.06010226727599,-113.1427871575806,fire_23301106
2019-09-09,38.06010226727599,-113.1427871575806,fire_23301106
2019-09-10,38.06010226727599,-113.1427871575806,fire_23301106
2019-09-11,38.06010226727599,-113.1427871575806,fire_23301106
2019-09-12,38.06010226727599,-113.1427871575806,fire_23301106
2019-09-02,44.38792631787219,-109.85637979305804,fire_23301395
2019-09-03,44.38792631787219,-109.85637979305804,fire_23301395
2019-09-04,44.38792631787219,-109.85637979305804,fire_23301395
2019-09-05,44.38792631787219,-109.85637979305804,fire_23301395
2019-09-06,44.38792631787219,-109.85637979305804,fire_23301395
2019-09-07,44.38792631787219,-109.85637979305804,fire_23301395
2019-09-08,44.38792631787219,-109.85637979305804,fire_23301395
2019-09-09,44.38792631787219,-109.85637979305804,fire_23301395
2019-09-10,44.38792631787219,-109.85637979305804,fire_23301395
2019-09-11,44.38792631787219,-109.85637979305804,fire_23301395
2019-09-12,44.38792631787219,-109.85637979305804,fire_23301395
2019-09-13,44.38792631787219,-109.85637979305804,fire_23301395
2019-09-14,44.38792631787219,-109.85637979305804,fire_23301395
2019-10-28,34.314760579906775,-119.0578692632162,fire_23410619
2019-10-29,34.314760579906775,-119.0578692632162,fire_23410619
2019-10-30,34.314760579906775,-119.0578692632162,fire_23410619
2019-10-31,34.314760579906775,-119.0578692632162,fire_23410619
2019-11-01,34.314760579906775,-119.0578692632162,fire_23410619
2019-11-02,34.314760579906775,-119.0578692632162,fire_23410619
2019-11-03,34.314760579906775,-119.0578692632162,fire_23410619
2019-10-06,46.619912421629394,-118.93274282914857,fire_23410720
2019-10-07,46.619912421629394,-118.93274282914857,fire_23410720
2019-10-08,46.619912421629394,-118.93274282914857,fire_23410720
2019-10-09,46.619912421629394,-118.93274282914857,fire_23410720
2019-10-10,46.619912421629394,-118.93274282914857,fire_23410720
2019-10-11,46.619912421629394,-118.93274282914857,fire_23410720
2020-05-31,41.55173718910881,-113.3454194197034,fire_24027566
2020-06-01,41.55173718910881,-113.3454194197034,fire_24027566
2020-06-02,41.55173718910881,-113.3454194197034,fire_24027566
2020-06-03,41.55173718910881,-113.3454194197034,fire_24027566
2020-06-04,41.55173718910881,-113.3454194197034,fire_24027566
2020-06-05,41.55173718910881,-113.3454194197034,fire_24027566
2020-06-06,41.55173718910881,-113.3454194197034,fire_24027566
2020-06-26,39.59019914641568,-119.88488650705467,fire_24103545
2020-06-27,39.59019914641568,-119.88488650705467,fire_24103545
2020-06-28,39.59019914641568,-119.88488650705467,fire_24103545
2020-06-29,39.59019914641568,-119.88488650705467,fire_24103545
2020-06-30,39.59019914641568,-119.88488650705467,fire_24103545
2020-07-01,39.59019914641568,-119.88488650705467,fire_24103545
2020-06-09,36.76627065037865,-112.23076615506196,fire_24103557
2020-06-10,36.76627065037865,-112.23076615506196,fire_24103557
2020-06-11,36.76627065037865,-112.23076615506196,fire_24103557
2020-06-12,36.76627065037865,-112.23076615506196,fire_24103557
2020-06-13,36.76627065037865,-112.23076615506196,fire_24103557
2020-06-14,36.76627065037865,-112.23076615506196,fire_24103557
2020-06-15,36.76627065037865,-112.23076615506196,fire_24103557
2020-06-16,36.76627065037865,-112.23076615506196,fire_24103557
2020-06-17,36.76627065037865,-112.23076615506196,fire_24103557
2020-06-18,36.76627065037865,-112.23076615506196,fire_24103557
2020-06-19,36.76627065037865,-112.23076615506196,fire_24103557
2020-06-20,36.76627065037865,-112.23076615506196,fire_24103557
2020-06-21,36.76627065037865,-112.23076615506196,fire_24103557
2020-06-22,36.76627065037865,-112.23076615506196,fire_24103557
2020-06-23,36.76627065037865,-112.23076615506196,fire_24103557
2020-06-24,36.76627065037865,-112.23076615506196,fire_24103557
2020-06-25,36.76627065037865,-112.23076615506196,fire_24103557
2020-06-26,36.76627065037865,-112.23076615506196,fire_24103557
2020-06-27,36.76627065037865,-112.23076615506196,fire_24103557
2020-06-28,36.76627065037865,-112.23076615506196,fire_24103557
2020-06-29,36.76627065037865,-112.23076615506196,fire_24103557
2020-06-30,36.76627065037865,-112.23076615506196,fire_24103557
2020-06-20,33.957743752729456,-112.037088103077,fire_24103572
2020-06-21,33.957743752729456,-112.037088103077,fire_24103572
2020-06-22,33.957743752729456,-112.037088103077,fire_24103572
2020-06-23,33.957743752729456,-112.037088103077,fire_24103572
2020-06-06,33.44257497320934,-109.29774518233936,fire_24103582
2020-06-07,33.44257497320934,-109.29774518233936,fire_24103582
2020-06-08,33.44257497320934,-109.29774518233936,fire_24103582
2020-06-09,33.44257497320934,-109.29774518233936,fire_24103582
2020-06-10,33.44257497320934,-109.29774518233936,fire_24103582
2020-06-11,33.44257497320934,-109.29774518233936,fire_24103582
2020-06-12,33.44257497320934,-109.29774518233936,fire_24103582
2020-06-13,33.44257497320934,-109.29774518233936,fire_24103582
2020-06-14,33.44257497320934,-109.29774518233936,fire_24103582
2020-06-15,33.44257497320934,-109.29774518233936,fire_24103582
2020-06-16,33.44257497320934,-109.29774518233936,fire_24103582
2020-06-17,33.44257497320934,-109.29774518233936,fire_24103582
2020-06-18,33.44257497320934,-109.29774518233936,fire_24103582
2020-06-19,33.44257497320934,-109.29774518233936,fire_24103582
2020-06-20,33.44257497320934,-109.29774518233936,fire_24103582
2020-06-21,33.44257497320934,-109.29774518233936,fire_24103582
2020-06-22,33.44257497320934,-109.29774518233936,fire_24103582
2020-06-23,33.44257497320934,-109.29774518233936,fire_24103582
2020-06-24,33.44257497320934,-109.29774518233936,fire_24103582
2020-06-25,33.44257497320934,-109.29774518233936,fire_24103582
2020-06-26,33.44257497320934,-109.29774518233936,fire_24103582
2020-06-27,33.44257497320934,-109.29774518233936,fire_24103582
2020-06-28,33.44257497320934,-109.29774518233936,fire_24103582
2020-06-29,33.44257497320934,-109.29774518233936,fire_24103582
2020-06-03,33.37374285165504,-117.38770119314292,fire_24103590
2020-06-04,33.37374285165504,-117.38770119314292,fire_24103590
2020-06-05,33.37374285165504,-117.38770119314292,fire_24103590
2020-06-06,33.37374285165504,-117.38770119314292,fire_24103590
2020-06-07,33.37374285165504,-117.38770119314292,fire_24103590
2020-06-08,33.37374285165504,-117.38770119314292,fire_24103590
2020-06-09,33.37374285165504,-117.38770119314292,fire_24103590
2020-06-10,33.37374285165504,-117.38770119314292,fire_24103590
2020-06-11,33.37374285165504,-117.38770119314292,fire_24103590
2020-06-12,33.37374285165504,-117.38770119314292,fire_24103590
2020-06-13,33.37374285165504,-117.38770119314292,fire_24103590
2020-06-14,33.37374285165504,-117.38770119314292,fire_24103590
2020-06-29,39.58549928360559,-112.20546201315062,fire_24104628
2020-06-30,39.58549928360559,-112.20546201315062,fire_24104628
2020-07-01,39.58549928360559,-112.20546201315062,fire_24104628
2020-07-02,39.58549928360559,-112.20546201315062,fire_24104628
2020-06-26,38.63646173095244,-113.16740700170618,fire_24104636
2020-06-27,38.63646173095244,-113.16740700170618,fire_24104636
2020-06-28,38.63646173095244,-113.16740700170618,fire_24104636
2020-06-29,38.63646173095244,-113.16740700170618,fire_24104636
2020-06-30,38.63646173095244,-113.16740700170618,fire_24104636
2020-07-01,38.63646173095244,-113.16740700170618,fire_24104636
2020-07-02,38.63646173095244,-113.16740700170618,fire_24104636
2020-06-07,37.04183375250623,-103.37646276038286,fire_24104644
2020-06-08,37.04183375250623,-103.37646276038286,fire_24104644
2020-06-09,37.04183375250623,-103.37646276038286,fire_24104644
2020-06-10,37.04183375250623,-103.37646276038286,fire_24104644
2020-06-07,35.754614076591814,-104.00839214857116,fire_24104658
2020-06-08,35.754614076591814,-104.00839214857116,fire_24104658
2020-06-09,35.754614076591814,-104.00839214857116,fire_24104658
2020-06-10,35.754614076591814,-104.00839214857116,fire_24104658
2020-06-11,35.754614076591814,-104.00839214857116,fire_24104658
2020-06-12,35.754614076591814,-104.00839214857116,fire_24104658
2020-06-13,35.754614076591814,-104.00839214857116,fire_24104658
2020-06-11,43.945420627753215,-106.33419628385744,fire_24104857
2020-06-12,43.945420627753215,-106.33419628385744,fire_24104857
2020-06-13,43.945420627753215,-106.33419628385744,fire_24104857
2020-06-14,43.945420627753215,-106.33419628385744,fire_24104857
2020-06-15,43.945420627753215,-106.33419628385744,fire_24104857
2020-06-16,43.945420627753215,-106.33419628385744,fire_24104857
2020-06-17,43.945420627753215,-106.33419628385744,fire_24104857
2020-06-18,43.945420627753215,-106.33419628385744,fire_24104857
2020-06-19,43.945420627753215,-106.33419628385744,fire_24104857
2020-06-20,43.945420627753215,-106.33419628385744,fire_24104857
2020-06-21,43.945420627753215,-106.33419628385744,fire_24104857
2020-06-22,43.945420627753215,-106.33419628385744,fire_24104857
2020-06-23,43.945420627753215,-106.33419628385744,fire_24104857
2020-06-24,43.945420627753215,-106.33419628385744,fire_24104857
2020-07-01,35.30701622627409,-118.64977850967531,fire_24191402
2020-07-02,35.30701622627409,-118.64977850967531,fire_24191402
2020-07-03,35.30701622627409,-118.64977850967531,fire_24191402
2020-07-04,35.30701622627409,-118.64977850967531,fire_24191402
2020-09-26,38.537666533299046,-122.54744755247673,fire_24461607
2020-09-27,38.537666533299046,-122.54744755247673,fire_24461607
2020-09-28,38.537666533299046,-122.54744755247673,fire_24461607
2020-09-29,38.537666533299046,-122.54744755247673,fire_24461607
2020-09-30,38.537666533299046,-122.54744755247673,fire_24461607
2020-10-01,38.537666533299046,-122.54744755247673,fire_24461607
2020-10-02,38.537666533299046,-122.54744755247673,fire_24461607
2020-10-03,38.537666533299046,-122.54744755247673,fire_24461607
2020-10-04,38.537666533299046,-122.54744755247673,fire_24461607
2020-10-05,38.537666533299046,-122.54744755247673,fire_24461607
2020-10-06,38.537666533299046,-122.54744755247673,fire_24461607
2020-10-07,38.537666533299046,-122.54744755247673,fire_24461607
2020-09-25,33.916184062279875,-111.78042413718909,fire_24461785
2020-09-26,33.916184062279875,-111.78042413718909,fire_24461785
2020-09-27,33.916184062279875,-111.78042413718909,fire_24461785
2020-09-28,33.916184062279875,-111.78042413718909,fire_24461785
2020-09-29,33.916184062279875,-111.78042413718909,fire_24461785
2020-09-30,33.916184062279875,-111.78042413718909,fire_24461785
2020-09-26,46.39434136761778,-116.09065630321648,fire_24462127
2020-09-27,46.39434136761778,-116.09065630321648,fire_24462127
2020-09-28,46.39434136761778,-116.09065630321648,fire_24462127
2020-09-29,46.39434136761778,-116.09065630321648,fire_24462127
2020-09-30,46.39434136761778,-116.09065630321648,fire_24462127
2020-10-01,46.39434136761778,-116.09065630321648,fire_24462127
2020-10-02,46.39434136761778,-116.09065630321648,fire_24462127
2020-10-03,46.39434136761778,-116.09065630321648,fire_24462127
2020-10-04,46.39434136761778,-116.09065630321648,fire_24462127
2020-09-24,45.97863000407013,-107.23912842693798,fire_24463206
2020-09-25,45.97863000407013,-107.23912842693798,fire_24463206
2020-09-26,45.97863000407013,-107.23912842693798,fire_24463206
2020-09-27,45.97863000407013,-107.23912842693798,fire_24463206
2020-09-28,45.97863000407013,-107.23912842693798,fire_24463206
2020-09-29,45.97863000407013,-107.23912842693798,fire_24463206
2020-10-05,39.777219135218566,-119.95722562386707,fire_24604426
2020-10-06,39.777219135218566,-119.95722562386707,fire_24604426
2020-10-07,39.777219135218566,-119.95722562386707,fire_24604426
2020-10-04,37.4516747688347,-119.131978977908,fire_24604435
2020-10-05,37.4516747688347,-119.131978977908,fire_24604435
2020-10-06,37.4516747688347,-119.131978977908,fire_24604435
2020-10-07,37.4516747688347,-119.131978977908,fire_24604435
2020-10-08,37.4516747688347,-119.131978977908,fire_24604435
2020-10-09,37.4516747688347,-119.131978977908,fire_24604435
2020-10-10,37.4516747688347,-119.131978977908,fire_24604435
2020-10-11,37.4516747688347,-119.131978977908,fire_24604435
2020-10-12,37.4516747688347,-119.131978977908,fire_24604435
2020-10-13,37.4516747688347,-119.131978977908,fire_24604435
2020-10-14,37.4516747688347,-119.131978977908,fire_24604435
2020-10-15,37.4516747688347,-119.131978977908,fire_24604435
2020-10-16,37.4516747688347,-119.131978977908,fire_24604435
2020-10-17,37.4516747688347,-119.131978977908,fire_24604435
2020-10-18,37.4516747688347,-119.131978977908,fire_24604435
2020-10-19,37.4516747688347,-119.131978977908,fire_24604435
2020-10-20,37.4516747688347,-119.131978977908,fire_24604435
2020-10-21,37.4516747688347,-119.131978977908,fire_24604435
2020-10-22,37.4516747688347,-119.131978977908,fire_24604435
2020-10-23,37.4516747688347,-119.131978977908,fire_24604435
2020-10-24,37.4516747688347,-119.131978977908,fire_24604435
2020-10-25,37.4516747688347,-119.131978977908,fire_24604435
2020-10-26,37.4516747688347,-119.131978977908,fire_24604435
2020-10-13,34.240176949811485,-112.41908028448832,fire_24604456
2020-10-14,34.240176949811485,-112.41908028448832,fire_24604456
2020-10-15,34.240176949811485,-112.41908028448832,fire_24604456
2020-10-16,34.240176949811485,-112.41908028448832,fire_24604456
2020-10-17,34.240176949811485,-112.41908028448832,fire_24604456
2020-10-18,34.240176949811485,-112.41908028448832,fire_24604456
2020-10-19,34.240176949811485,-112.41908028448832,fire_24604456
2020-10-20,34.240176949811485,-112.41908028448832,fire_24604456
2020-10-21,34.240176949811485,-112.41908028448832,fire_24604456
2020-10-22,34.240176949811485,-112.41908028448832,fire_24604456
2020-10-23,34.240176949811485,-112.41908028448832,fire_24604456
2020-10-22,33.91005469557232,-117.70267427909054,fire_24604462
2020-10-23,33.91005469557232,-117.70267427909054,fire_24604462
2020-10-24,33.91005469557232,-117.70267427909054,fire_24604462
2020-10-25,33.91005469557232,-117.70267427909054,fire_24604462
2020-10-26,33.91005469557232,-117.70267427909054,fire_24604462
2020-10-27,33.91005469557232,-117.70267427909054,fire_24604462
2020-10-28,33.91005469557232,-117.70267427909054,fire_24604462
2020-10-29,33.91005469557232,-117.70267427909054,fire_24604462
2020-10-21,33.719608156397015,-117.69941942598774,fire_24604463
2020-10-22,33.719608156397015,-117.69941942598774,fire_24604463
2020-10-23,33.719608156397015,-117.69941942598774,fire_24604463
2020-10-24,33.719608156397015,-117.69941942598774,fire_24604463
2020-10-25,33.719608156397015,-117.69941942598774,fire_24604463
2020-10-26,33.719608156397015,-117.69941942598774,fire_24604463
2020-10-27,33.719608156397015,-117.69941942598774,fire_24604463
2020-10-28,33.719608156397015,-117.69941942598774,fire_24604463
2020-10-29,33.719608156397015,-117.69941942598774,fire_24604463
2020-10-21,40.2077194900633,-105.9778117515731,fire_24604783
2020-10-22,40.2077194900633,-105.9778117515731,fire_24604783
2020-10-23,40.2077194900633,-105.9778117515731,fire_24604783
2020-10-24,40.2077194900633,-105.9778117515731,fire_24604783
2020-10-25,40.2077194900633,-105.9778117515731,fire_24604783
2020-10-26,40.2077194900633,-105.9778117515731,fire_24604783
2020-10-27,40.2077194900633,-105.9778117515731,fire_24604783
2020-10-28,40.2077194900633,-105.9778117515731,fire_24604783
2020-10-29,40.2077194900633,-105.9778117515731,fire_24604783
2020-10-30,40.2077194900633,-105.9778117515731,fire_24604783
2020-10-31,40.2077194900633,-105.9778117515731,fire_24604783
2020-11-01,40.2077194900633,-105.9778117515731,fire_24604783
2020-11-02,40.2077194900633,-105.9778117515731,fire_24604783
2020-11-03,40.2077194900633,-105.9778117515731,fire_24604783
2020-11-04,40.2077194900633,-105.9778117515731,fire_24604783
2020-11-05,40.2077194900633,-105.9778117515731,fire_24604783
2020-11-06,40.2077194900633,-105.9778117515731,fire_24604783
2020-11-07,40.2077194900633,-105.9778117515731,fire_24604783
2020-11-08,40.2077194900633,-105.9778117515731,fire_24604783
2020-11-09,40.2077194900633,-105.9778117515731,fire_24604783
2020-11-10,40.2077194900633,-105.9778117515731,fire_24604783
2020-11-11,40.2077194900633,-105.9778117515731,fire_24604783
2020-11-12,40.2077194900633,-105.9778117515731,fire_24604783
2020-11-13,40.2077194900633,-105.9778117515731,fire_24604783
2020-11-14,40.2077194900633,-105.9778117515731,fire_24604783
2020-11-15,40.2077194900633,-105.9778117515731,fire_24604783
2020-11-16,40.2077194900633,-105.9778117515731,fire_24604783
2020-11-17,40.2077194900633,-105.9778117515731,fire_24604783
2020-11-18,40.2077194900633,-105.9778117515731,fire_24604783
2020-10-28,40.15809979957024,-105.33424379686296,fire_24604832
2020-10-29,40.15809979957024,-105.33424379686296,fire_24604832
2020-10-30,40.15809979957024,-105.33424379686296,fire_24604832
2020-10-15,36.227901802370994,-105.36251689168483,fire_24604848
2020-10-16,36.227901802370994,-105.36251689168483,fire_24604848
2020-10-17,36.227901802370994,-105.36251689168483,fire_24604848
2020-10-18,36.227901802370994,-105.36251689168483,fire_24604848
2020-10-19,36.227901802370994,-105.36251689168483,fire_24604848
2020-10-20,36.227901802370994,-105.36251689168483,fire_24604848
2020-10-21,36.227901802370994,-105.36251689168483,fire_24604848
2020-11-17,37.65614586788317,-112.67866470112926,fire_24695963
2020-11-18,37.65614586788317,-112.67866470112926,fire_24695963
2020-11-19,37.65614586788317,-112.67866470112926,fire_24695963
2020-11-20,37.65614586788317,-112.67866470112926,fire_24695963
2020-11-21,37.65614586788317,-112.67866470112926,fire_24695963
2021-03-22,46.23224115419653,-116.36101010817876,fire_25017323
2021-03-23,46.23224115419653,-116.36101010817876,fire_25017323
2021-03-24,46.23224115419653,-116.36101010817876,fire_25017323
2021-03-25,46.23224115419653,-116.36101010817876,fire_25017323
2021-03-26,46.23224115419653,-116.36101010817876,fire_25017323
2021-03-27,46.23224115419653,-116.36101010817876,fire_25017323
2021-03-28,46.23224115419653,-116.36101010817876,fire_25017323
2021-03-29,46.23224115419653,-116.36101010817876,fire_25017323
2021-03-30,46.23224115419653,-116.36101010817876,fire_25017323
2021-03-31,46.23224115419653,-116.36101010817876,fire_25017323
2021-04-01,46.23224115419653,-116.36101010817876,fire_25017323
2021-04-02,46.23224115419653,-116.36101010817876,fire_25017323
2021-04-03,46.23224115419653,-116.36101010817876,fire_25017323
2021-04-04,46.23224115419653,-116.36101010817876,fire_25017323
2021-04-05,46.23224115419653,-116.36101010817876,fire_25017323
2021-04-06,46.23224115419653,-116.36101010817876,fire_25017323
2021-04-07,46.23224115419653,-116.36101010817876,fire_25017323
2021-03-18,43.81026476886346,-121.08547497724646,fire_25017384
2021-03-19,43.81026476886346,-121.08547497724646,fire_25017384
2021-03-20,43.81026476886346,-121.08547497724646,fire_25017384
2021-03-21,43.81026476886346,-121.08547497724646,fire_25017384
2021-03-22,43.81026476886346,-121.08547497724646,fire_25017384
2021-03-23,43.81026476886346,-121.08547497724646,fire_25017384
2021-03-24,43.81026476886346,-121.08547497724646,fire_25017384
2021-03-25,43.81026476886346,-121.08547497724646,fire_25017384
2021-03-26,43.81026476886346,-121.08547497724646,fire_25017384
2021-03-27,43.81026476886346,-121.08547497724646,fire_25017384
2021-03-28,43.81026476886346,-121.08547497724646,fire_25017384
2021-03-29,43.81026476886346,-121.08547497724646,fire_25017384
2021-03-30,43.81026476886346,-121.08547497724646,fire_25017384
2021-03-31,43.81026476886346,-121.08547497724646,fire_25017384
2021-04-01,43.81026476886346,-121.08547497724646,fire_25017384
2021-04-02,43.81026476886346,-121.08547497724646,fire_25017384
2021-04-03,43.81026476886346,-121.08547497724646,fire_25017384
2021-04-04,43.81026476886346,-121.08547497724646,fire_25017384
2021-04-05,43.81026476886346,-121.08547497724646,fire_25017384
2021-04-06,43.81026476886346,-121.08547497724646,fire_25017384
2021-05-14,37.07484387020188,-116.42118357249794,fire_25138926
2021-05-15,37.07484387020188,-116.42118357249794,fire_25138926
2021-05-16,37.07484387020188,-116.42118357249794,fire_25138926
2021-05-17,37.07484387020188,-116.42118357249794,fire_25138926
2021-05-18,37.07484387020188,-116.42118357249794,fire_25138926
2021-05-19,37.07484387020188,-116.42118357249794,fire_25138926
2021-05-20,37.07484387020188,-116.42118357249794,fire_25138926
2021-05-21,37.07484387020188,-116.42118357249794,fire_25138926
2021-05-22,37.07484387020188,-116.42118357249794,fire_25138926
2021-05-23,37.07484387020188,-116.42118357249794,fire_25138926
2021-05-24,37.07484387020188,-116.42118357249794,fire_25138926
2021-05-25,37.07484387020188,-116.42118357249794,fire_25138926
2021-05-26,37.07484387020188,-116.42118357249794,fire_25138926
2021-05-27,37.07484387020188,-116.42118357249794,fire_25138926
2021-05-15,33.46374337424556,-108.06787874657977,fire_25138942
2021-05-16,33.46374337424556,-108.06787874657977,fire_25138942
2021-05-17,33.46374337424556,-108.06787874657977,fire_25138942
2021-05-18,33.46374337424556,-108.06787874657977,fire_25138942
2021-05-19,33.46374337424556,-108.06787874657977,fire_25138942
2021-05-20,33.46374337424556,-108.06787874657977,fire_25138942
2021-05-21,33.46374337424556,-108.06787874657977,fire_25138942
2021-05-22,33.46374337424556,-108.06787874657977,fire_25138942
2021-05-23,33.46374337424556,-108.06787874657977,fire_25138942
2021-06-26,41.7165700584505,-122.04504168364063,fire_25204812
2021-06-27,41.7165700584505,-122.04504168364063,fire_25204812
2021-06-28,41.7165700584505,-122.04504168364063,fire_25204812
2021-06-29,41.7165700584505,-122.04504168364063,fire_25204812
2021-06-30,41.7165700584505,-122.04504168364063,fire_25204812
2021-07-01,41.7165700584505,-122.04504168364063,fire_25204812
2021-07-02,41.7165700584505,-122.04504168364063,fire_25204812
2021-07-03,41.7165700584505,-122.04504168364063,fire_25204812
2021-07-04,41.7165700584505,-122.04504168364063,fire_25204812
2021-07-05,41.7165700584505,-122.04504168364063,fire_25204812
2021-06-29,40.91259554183583,-122.36504110761052,fire_25204820
2021-06-30,40.91259554183583,-122.36504110761052,fire_25204820
2021-07-01,40.91259554183583,-122.36504110761052,fire_25204820
2021-07-02,40.91259554183583,-122.36504110761052,fire_25204820
2021-07-03,40.91259554183583,-122.36504110761052,fire_25204820
2021-07-04,40.91259554183583,-122.36504110761052,fire_25204820
2021-07-05,40.91259554183583,-122.36504110761052,fire_25204820
2021-07-06,40.91259554183583,-122.36504110761052,fire_25204820
2021-07-07,40.91259554183583,-122.36504110761052,fire_25204820
2021-07-08,40.91259554183583,-122.36504110761052,fire_25204820
2021-07-09,40.91259554183583,-122.36504110761052,fire_25204820
2021-06-18,36.206806815016016,-121.54595804315424,fire_25204848
2021-06-19,36.206806815016016,-121.54595804315424,fire_25204848
2021-06-20,36.206806815016016,-121.54595804315424,fire_25204848
2021-06-21,36.206806815016016,-121.54595804315424,fire_25204848
2021-06-22,36.206806815016016,-121.54595804315424,fire_25204848
2021-06-23,36.206806815016016,-121.54595804315424,fire_25204848
2021-06-24,36.206806815016016,-121.54595804315424,fire_25204848
2021-06-20,35.01834249144178,-112.01956705469148,fire_25204859
2021-06-21,35.01834249144178,-112.01956705469148,fire_25204859
2021-06-22,35.01834249144178,-112.01956705469148,fire_25204859
2021-06-23,35.01834249144178,-112.01956705469148,fire_25204859
2021-06-24,35.01834249144178,-112.01956705469148,fire_25204859
2021-06-25,35.01834249144178,-112.01956705469148,fire_25204859
2021-06-26,35.01834249144178,-112.01956705469148,fire_25204859
2021-06-27,35.01834249144178,-112.01956705469148,fire_25204859
2021-06-28,35.01834249144178,-112.01956705469148,fire_25204859
2021-06-29,35.01834249144178,-112.01956705469148,fire_25204859
2021-06-30,35.01834249144178,-112.01956705469148,fire_25204859
2021-07-01,35.01834249144178,-112.01956705469148,fire_25204859
2021-07-02,35.01834249144178,-112.01956705469148,fire_25204859
2021-07-03,35.01834249144178,-112.01956705469148,fire_25204859
2021-07-04,35.01834249144178,-112.01956705469148,fire_25204859
2021-07-05,35.01834249144178,-112.01956705469148,fire_25204859
2021-07-06,35.01834249144178,-112.01956705469148,fire_25204859
2021-06-15,34.40224688315922,-111.67728380110972,fire_25204869
2021-06-16,34.40224688315922,-111.67728380110972,fire_25204869
2021-06-17,34.40224688315922,-111.67728380110972,fire_25204869
2021-06-18,34.40224688315922,-111.67728380110972,fire_25204869
2021-06-19,34.40224688315922,-111.67728380110972,fire_25204869
2021-06-20,34.40224688315922,-111.67728380110972,fire_25204869
2021-06-21,34.40224688315922,-111.67728380110972,fire_25204869
2021-06-22,34.40224688315922,-111.67728380110972,fire_25204869
2021-06-23,34.40224688315922,-111.67728380110972,fire_25204869
2021-06-24,34.40224688315922,-111.67728380110972,fire_25204869
2021-06-25,34.40224688315922,-111.67728380110972,fire_25204869
2021-06-26,34.40224688315922,-111.67728380110972,fire_25204869
2021-06-27,34.40224688315922,-111.67728380110972,fire_25204869
2021-06-28,34.40224688315922,-111.67728380110972,fire_25204869
2021-06-29,34.40224688315922,-111.67728380110972,fire_25204869
2021-06-30,34.40224688315922,-111.67728380110972,fire_25204869
2021-07-01,34.40224688315922,-111.67728380110972,fire_25204869
2021-07-02,34.40224688315922,-111.67728380110972,fire_25204869
2021-07-03,34.40224688315922,-111.67728380110972,fire_25204869
2021-07-04,34.40224688315922,-111.67728380110972,fire_25204869
2021-07-05,34.40224688315922,-111.67728380110972,fire_25204869
2021-06-30,34.16300691065545,-112.22543163341776,fire_25204877
2021-07-01,34.16300691065545,-112.22543163341776,fire_25204877
2021-07-02,34.16300691065545,-112.22543163341776,fire_25204877
2021-07-03,34.16300691065545,-112.22543163341776,fire_25204877
2021-07-04,34.16300691065545,-112.22543163341776,fire_25204877
2021-07-05,34.16300691065545,-112.22543163341776,fire_25204877
2021-07-06,34.16300691065545,-112.22543163341776,fire_25204877
2021-07-07,34.16300691065545,-112.22543163341776,fire_25204877
2021-07-08,34.16300691065545,-112.22543163341776,fire_25204877
2021-07-09,34.16300691065545,-112.22543163341776,fire_25204877
2021-07-10,34.16300691065545,-112.22543163341776,fire_25204877
2021-07-11,34.16300691065545,-112.22543163341776,fire_25204877
2021-06-21,46.48086665378306,-118.52710911089515,fire_25205245
2021-06-22,46.48086665378306,-118.52710911089515,fire_25205245
2021-06-23,46.48086665378306,-118.52710911089515,fire_25205245
2021-06-24,46.48086665378306,-118.52710911089515,fire_25205245
2021-06-25,46.48086665378306,-118.52710911089515,fire_25205245
2021-06-26,46.48086665378306,-118.52710911089515,fire_25205245
2021-06-29,45.45633254741782,-120.96751112702948,fire_25205255
2021-06-30,45.45633254741782,-120.96751112702948,fire_25205255
2021-07-01,45.45633254741782,-120.96751112702948,fire_25205255
2021-07-02,45.45633254741782,-120.96751112702948,fire_25205255
2021-06-16,45.07312913373073,-121.4354203360891,fire_25205259
2021-06-17,45.07312913373073,-121.4354203360891,fire_25205259
2021-06-18,45.07312913373073,-121.4354203360891,fire_25205259
2021-06-19,45.07312913373073,-121.4354203360891,fire_25205259
2021-06-20,45.07312913373073,-121.4354203360891,fire_25205259
2021-06-21,45.07312913373073,-121.4354203360891,fire_25205259
2021-06-22,45.07312913373073,-121.4354203360891,fire_25205259
2021-06-23,45.07312913373073,-121.4354203360891,fire_25205259
2021-06-24,45.07312913373073,-121.4354203360891,fire_25205259
2021-06-25,45.07312913373073,-121.4354203360891,fire_25205259
2021-06-01,40.69783818159454,-106.7172708557124,fire_25205306
2021-06-02,40.69783818159454,-106.7172708557124,fire_25205306
2021-06-03,40.69783818159454,-106.7172708557124,fire_25205306
2021-06-04,40.69783818159454,-106.7172708557124,fire_25205306
2021-06-05,40.69783818159454,-106.7172708557124,fire_25205306
2021-06-06,40.69783818159454,-106.7172708557124,fire_25205306
2021-06-07,40.69783818159454,-106.7172708557124,fire_25205306
2021-06-08,40.69783818159454,-106.7172708557124,fire_25205306
2021-06-09,40.69783818159454,-106.7172708557124,fire_25205306
2021-06-10,40.69783818159454,-106.7172708557124,fire_25205306
2021-06-11,40.69783818159454,-106.7172708557124,fire_25205306
2021-06-12,40.69783818159454,-106.7172708557124,fire_25205306
2021-06-13,40.69783818159454,-106.7172708557124,fire_25205306
2021-06-21,40.13890154045762,-106.74620059607632,fire_25205336
2021-06-22,40.13890154045762,-106.74620059607632,fire_25205336
2021-06-23,40.13890154045762,-106.74620059607632,fire_25205336
2021-06-24,40.13890154045762,-106.74620059607632,fire_25205336
2021-06-25,40.13890154045762,-106.74620059607632,fire_25205336
2021-06-26,40.13890154045762,-106.74620059607632,fire_25205336
2021-06-27,40.13890154045762,-106.74620059607632,fire_25205336
2021-06-28,40.13890154045762,-106.74620059607632,fire_25205336
2021-06-29,40.13890154045762,-106.74620059607632,fire_25205336
2021-06-30,40.13890154045762,-106.74620059607632,fire_25205336
2021-07-01,40.13890154045762,-106.74620059607632,fire_25205336
2021-07-02,40.13890154045762,-106.74620059607632,fire_25205336
2021-07-03,40.13890154045762,-106.74620059607632,fire_25205336
2021-07-04,40.13890154045762,-106.74620059607632,fire_25205336
2021-06-06,39.84764301627784,-111.21610510166732,fire_25205354
2021-06-07,39.84764301627784,-111.21610510166732,fire_25205354
2021-06-08,39.84764301627784,-111.21610510166732,fire_25205354
2021-06-09,39.84764301627784,-111.21610510166732,fire_25205354
2021-06-10,39.84764301627784,-111.21610510166732,fire_25205354
2021-06-11,39.84764301627784,-111.21610510166732,fire_25205354
2021-06-12,39.84764301627784,-111.21610510166732,fire_25205354
2021-06-13,39.84764301627784,-111.21610510166732,fire_25205354
2021-06-14,39.84764301627784,-111.21610510166732,fire_25205354
2021-06-15,39.84764301627784,-111.21610510166732,fire_25205354
2021-06-16,39.84764301627784,-111.21610510166732,fire_25205354
2021-06-17,39.84764301627784,-111.21610510166732,fire_25205354
2021-06-18,39.84764301627784,-111.21610510166732,fire_25205354
2021-06-19,39.84764301627784,-111.21610510166732,fire_25205354
2021-06-20,39.84764301627784,-111.21610510166732,fire_25205354
2021-06-21,39.84764301627784,-111.21610510166732,fire_25205354
2021-06-17,39.45362806432066,-106.73340553830668,fire_25205387
2021-06-18,39.45362806432066,-106.73340553830668,fire_25205387
2021-06-19,39.45362806432066,-106.73340553830668,fire_25205387
2021-06-20,39.45362806432066,-106.73340553830668,fire_25205387
2021-06-21,39.45362806432066,-106.73340553830668,fire_25205387
2021-06-22,39.45362806432066,-106.73340553830668,fire_25205387
2021-06-23,39.45362806432066,-106.73340553830668,fire_25205387
2021-06-24,39.45362806432066,-106.73340553830668,fire_25205387
2021-06-25,39.45362806432066,-106.73340553830668,fire_25205387
2021-06-26,39.45362806432066,-106.73340553830668,fire_25205387
2021-06-27,39.45362806432066,-106.73340553830668,fire_25205387
2021-06-28,39.45362806432066,-106.73340553830668,fire_25205387
2021-06-29,39.45362806432066,-106.73340553830668,fire_25205387
2021-06-30,39.45362806432066,-106.73340553830668,fire_25205387
2021-07-01,39.45362806432066,-106.73340553830668,fire_25205387
2021-06-01,44.25385188137279,-110.7675255861193,fire_25205936
2021-06-02,44.25385188137279,-110.7675255861193,fire_25205936
2021-06-03,44.25385188137279,-110.7675255861193,fire_25205936
2021-06-04,44.25385188137279,-110.7675255861193,fire_25205936
2021-06-05,44.25385188137279,-110.7675255861193,fire_25205936
2021-06-06,44.25385188137279,-110.7675255861193,fire_25205936
2021-06-07,44.25385188137279,-110.7675255861193,fire_25205936
2021-06-08,44.25385188137279,-110.7675255861193,fire_25205936
2021-06-09,44.25385188137279,-110.7675255861193,fire_25205936
2021-06-10,44.25385188137279,-110.7675255861193,fire_25205936
2021-06-11,44.25385188137279,-110.7675255861193,fire_25205936
2021-06-12,44.25385188137279,-110.7675255861193,fire_25205936
2021-06-13,44.25385188137279,-110.7675255861193,fire_25205936
2021-06-14,44.25385188137279,-110.7675255861193,fire_25205936
2021-06-15,44.25385188137279,-110.7675255861193,fire_25205936
2021-06-16,44.25385188137279,-110.7675255861193,fire_25205936
2021-06-17,44.25385188137279,-110.7675255861193,fire_25205936
2021-06-18,44.25385188137279,-110.7675255861193,fire_25205936
2021-06-19,44.25385188137279,-110.7675255861193,fire_25205936
2021-06-20,44.25385188137279,-110.7675255861193,fire_25205936
2021-06-21,44.25385188137279,-110.7675255861193,fire_25205936
2021-07-29,40.7219962113127,-123.25206858625272,fire_25294692
2021-07-30,40.7219962113127,-123.25206858625272,fire_25294692
2021-07-31,40.7219962113127,-123.25206858625272,fire_25294692
2021-08-01,40.7219962113127,-123.25206858625272,fire_25294692
2021-08-02,40.7219962113127,-123.25206858625272,fire_25294692
2021-08-03,40.7219962113127,-123.25206858625272,fire_25294692
2021-08-04,40.7219962113127,-123.25206858625272,fire_25294692
2021-08-05,40.7219962113127,-123.25206858625272,fire_25294692
2021-08-06,40.7219962113127,-123.25206858625272,fire_25294692
2021-08-07,40.7219962113127,-123.25206858625272,fire_25294692
2021-08-08,40.7219962113127,-123.25206858625272,fire_25294692
2021-08-09,40.7219962113127,-123.25206858625272,fire_25294692
2021-08-10,40.7219962113127,-123.25206858625272,fire_25294692
2021-08-11,40.7219962113127,-123.25206858625272,fire_25294692
2021-08-12,40.7219962113127,-123.25206858625272,fire_25294692
2021-08-13,40.7219962113127,-123.25206858625272,fire_25294692
2021-08-14,40.7219962113127,-123.25206858625272,fire_25294692
2021-08-15,40.7219962113127,-123.25206858625272,fire_25294692
2021-08-16,40.7219962113127,-123.25206858625272,fire_25294692
2021-08-17,40.7219962113127,-123.25206858625272,fire_25294692
2021-08-18,40.7219962113127,-123.25206858625272,fire_25294692
2021-08-19,40.7219962113127,-123.25206858625272,fire_25294692
2021-08-20,40.7219962113127,-123.25206858625272,fire_25294692
2021-08-21,40.7219962113127,-123.25206858625272,fire_25294692
2021-08-22,40.7219962113127,-123.25206858625272,fire_25294692
2021-08-23,40.7219962113127,-123.25206858625272,fire_25294692
2021-08-24,40.7219962113127,-123.25206858625272,fire_25294692
2021-08-25,40.7219962113127,-123.25206858625272,fire_25294692
2021-08-26,40.7219962113127,-123.25206858625272,fire_25294692
2021-08-27,40.7219962113127,-123.25206858625272,fire_25294692
2021-08-28,40.7219962113127,-123.25206858625272,fire_25294692
2021-08-29,40.7219962113127,-123.25206858625272,fire_25294692
2021-08-30,40.7219962113127,-123.25206858625272,fire_25294692
2021-08-31,40.7219962113127,-123.25206858625272,fire_25294692
2021-09-01,40.7219962113127,-123.25206858625272,fire_25294692
2021-09-02,40.7219962113127,-123.25206858625272,fire_25294692
2021-09-03,40.7219962113127,-123.25206858625272,fire_25294692
2021-09-04,40.7219962113127,-123.25206858625272,fire_25294692
2021-09-05,40.7219962113127,-123.25206858625272,fire_25294692
2021-09-06,40.7219962113127,-123.25206858625272,fire_25294692
2021-09-07,40.7219962113127,-123.25206858625272,fire_25294692
2021-09-08,40.7219962113127,-123.25206858625272,fire_25294692
2021-09-09,40.7219962113127,-123.25206858625272,fire_25294692
2021-09-10,40.7219962113127,-123.25206858625272,fire_25294692
2021-09-11,40.7219962113127,-123.25206858625272,fire_25294692
2021-09-12,40.7219962113127,-123.25206858625272,fire_25294692
2021-09-13,40.7219962113127,-123.25206858625272,fire_25294692
2021-09-14,40.7219962113127,-123.25206858625272,fire_25294692
2021-09-15,40.7219962113127,-123.25206858625272,fire_25294692
2021-09-16,40.7219962113127,-123.25206858625272,fire_25294692
2021-09-17,40.7219962113127,-123.25206858625272,fire_25294692
2021-09-18,40.7219962113127,-123.25206858625272,fire_25294692
2021-09-19,40.7219962113127,-123.25206858625272,fire_25294692
2021-09-20,40.7219962113127,-123.25206858625272,fire_25294692
2021-07-04,47.43293181929095,-120.10381759106512,fire_25294977
2021-07-05,47.43293181929095,-120.10381759106512,fire_25294977
2021-07-06,47.43293181929095,-120.10381759106512,fire_25294977
2021-07-07,47.43293181929095,-120.10381759106512,fire_25294977
2021-07-08,47.43293181929095,-120.10381759106512,fire_25294977
2021-07-09,47.43293181929095,-120.10381759106512,fire_25294977
2021-07-10,47.43293181929095,-120.10381759106512,fire_25294977
2021-07-11,47.43293181929095,-120.10381759106512,fire_25294977
2021-07-07,46.36014190639351,-117.19296792726593,fire_25294989
2021-07-08,46.36014190639351,-117.19296792726593,fire_25294989
2021-08-04,42.909130243292616,-123.10539515415574,fire_25410438
2021-08-05,42.909130243292616,-123.10539515415574,fire_25410438
2021-08-06,42.909130243292616,-123.10539515415574,fire_25410438
2021-08-07,42.909130243292616,-123.10539515415574,fire_25410438
2021-08-08,42.909130243292616,-123.10539515415574,fire_25410438
2021-08-09,42.909130243292616,-123.10539515415574,fire_25410438
2021-08-10,42.909130243292616,-123.10539515415574,fire_25410438
2021-08-11,42.909130243292616,-123.10539515415574,fire_25410438
2021-08-12,42.909130243292616,-123.10539515415574,fire_25410438
2021-08-13,42.909130243292616,-123.10539515415574,fire_25410438
2021-08-14,42.909130243292616,-123.10539515415574,fire_25410438
2021-08-15,42.909130243292616,-123.10539515415574,fire_25410438
2021-08-16,42.909130243292616,-123.10539515415574,fire_25410438
2021-08-17,42.909130243292616,-123.10539515415574,fire_25410438
2021-08-03,41.558707761454464,-121.89092174127008,fire_25410444
2021-08-04,41.558707761454464,-121.89092174127008,fire_25410444
2021-08-05,41.558707761454464,-121.89092174127008,fire_25410444
2021-08-06,41.558707761454464,-121.89092174127008,fire_25410444
2021-08-07,41.558707761454464,-121.89092174127008,fire_25410444
2021-08-08,41.558707761454464,-121.89092174127008,fire_25410444
2021-08-09,41.558707761454464,-121.89092174127008,fire_25410444
2021-08-10,41.558707761454464,-121.89092174127008,fire_25410444
2021-08-11,41.558707761454464,-121.89092174127008,fire_25410444
2021-08-12,41.558707761454464,-121.89092174127008,fire_25410444
2021-08-13,41.558707761454464,-121.89092174127008,fire_25410444
2021-08-14,41.558707761454464,-121.89092174127008,fire_25410444
2021-08-15,41.558707761454464,-121.89092174127008,fire_25410444
2021-08-16,41.558707761454464,-121.89092174127008,fire_25410444
2021-08-17,41.558707761454464,-121.89092174127008,fire_25410444
2021-08-18,41.558707761454464,-121.89092174127008,fire_25410444
2021-08-19,41.558707761454464,-121.89092174127008,fire_25410444
2021-08-20,41.558707761454464,-121.89092174127008,fire_25410444
2021-08-21,41.558707761454464,-121.89092174127008,fire_25410444
2021-08-22,41.558707761454464,-121.89092174127008,fire_25410444
2021-08-23,41.558707761454464,-121.89092174127008,fire_25410444
2021-08-24,41.558707761454464,-121.89092174127008,fire_25410444
2021-08-25,41.558707761454464,-121.89092174127008,fire_25410444
2021-08-26,41.558707761454464,-121.89092174127008,fire_25410444
2021-08-27,41.558707761454464,-121.89092174127008,fire_25410444
2021-08-28,41.558707761454464,-121.89092174127008,fire_25410444
2021-08-29,41.558707761454464,-121.89092174127008,fire_25410444
2021-08-06,41.3047847523425,-123.24828908129668,fire_25410483
2021-08-07,41.3047847523425,-123.24828908129668,fire_25410483
2021-08-08,41.3047847523425,-123.24828908129668,fire_25410483
2021-08-09,41.3047847523425,-123.24828908129668,fire_25410483
2021-08-10,41.3047847523425,-123.24828908129668,fire_25410483
2021-08-11,41.3047847523425,-123.24828908129668,fire_25410483
2021-08-12,41.3047847523425,-123.24828908129668,fire_25410483
2021-08-13,41.3047847523425,-123.24828908129668,fire_25410483
2021-08-14,41.3047847523425,-123.24828908129668,fire_25410483
2021-08-15,41.3047847523425,-123.24828908129668,fire_25410483
2021-08-16,41.3047847523425,-123.24828908129668,fire_25410483
2021-08-17,41.3047847523425,-123.24828908129668,fire_25410483
2021-08-18,41.3047847523425,-123.24828908129668,fire_25410483
2021-08-19,41.3047847523425,-123.24828908129668,fire_25410483
2021-08-20,41.3047847523425,-123.24828908129668,fire_25410483
2021-08-21,41.3047847523425,-123.24828908129668,fire_25410483
2021-08-22,41.3047847523425,-123.24828908129668,fire_25410483
2021-08-23,41.3047847523425,-123.24828908129668,fire_25410483
2021-08-24,41.3047847523425,-123.24828908129668,fire_25410483
2021-08-25,41.3047847523425,-123.24828908129668,fire_25410483
2021-08-26,41.3047847523425,-123.24828908129668,fire_25410483
2021-08-27,41.3047847523425,-123.24828908129668,fire_25410483
2021-08-25,37.30183038436245,-116.15072487880366,fire_25410727
2021-08-26,37.30183038436245,-116.15072487880366,fire_25410727
2021-08-27,37.30183038436245,-116.15072487880366,fire_25410727
2021-08-28,37.30183038436245,-116.15072487880366,fire_25410727
2021-08-29,37.30183038436245,-116.15072487880366,fire_25410727
2021-08-30,37.30183038436245,-116.15072487880366,fire_25410727
2021-08-31,37.30183038436245,-116.15072487880366,fire_25410727
2021-09-01,37.30183038436245,-116.15072487880366,fire_25410727
2021-09-02,37.30183038436245,-116.15072487880366,fire_25410727
2021-09-03,37.30183038436245,-116.15072487880366,fire_25410727
2021-08-19,35.69257900949221,-118.56385029800288,fire_25410746
2021-08-20,35.69257900949221,-118.56385029800288,fire_25410746
2021-08-21,35.69257900949221,-118.56385029800288,fire_25410746
2021-08-22,35.69257900949221,-118.56385029800288,fire_25410746
2021-08-23,35.69257900949221,-118.56385029800288,fire_25410746
2021-08-24,35.69257900949221,-118.56385029800288,fire_25410746
2021-08-25,35.69257900949221,-118.56385029800288,fire_25410746
2021-08-26,35.69257900949221,-118.56385029800288,fire_25410746
2021-08-27,35.69257900949221,-118.56385029800288,fire_25410746
2021-08-28,35.69257900949221,-118.56385029800288,fire_25410746
2021-08-29,35.69257900949221,-118.56385029800288,fire_25410746
2021-08-30,35.69257900949221,-118.56385029800288,fire_25410746
2021-08-31,35.69257900949221,-118.56385029800288,fire_25410746
2021-09-01,35.69257900949221,-118.56385029800288,fire_25410746
2021-09-02,35.69257900949221,-118.56385029800288,fire_25410746
2021-09-03,35.69257900949221,-118.56385029800288,fire_25410746
2021-09-04,35.69257900949221,-118.56385029800288,fire_25410746
2021-09-05,35.69257900949221,-118.56385029800288,fire_25410746
2021-08-11,47.95945176352156,-120.32312475885772,fire_25410845
2021-08-12,47.95945176352156,-120.32312475885772,fire_25410845
2021-08-13,47.95945176352156,-120.32312475885772,fire_25410845
2021-08-14,47.95945176352156,-120.32312475885772,fire_25410845
2021-08-15,47.95945176352156,-120.32312475885772,fire_25410845
2021-08-16,47.95945176352156,-120.32312475885772,fire_25410845
2021-08-17,47.95945176352156,-120.32312475885772,fire_25410845
2021-08-18,47.95945176352156,-120.32312475885772,fire_25410845
2021-08-19,47.95945176352156,-120.32312475885772,fire_25410845
2021-08-20,47.95945176352156,-120.32312475885772,fire_25410845
2021-08-21,47.95945176352156,-120.32312475885772,fire_25410845
2021-08-22,47.95945176352156,-120.32312475885772,fire_25410845
2021-08-23,47.95945176352156,-120.32312475885772,fire_25410845
2021-08-24,47.95945176352156,-120.32312475885772,fire_25410845
2021-08-25,47.95945176352156,-120.32312475885772,fire_25410845
2021-08-26,47.95945176352156,-120.32312475885772,fire_25410845
2021-08-27,47.95945176352156,-120.32312475885772,fire_25410845
2021-08-28,47.95945176352156,-120.32312475885772,fire_25410845
2021-08-29,47.95945176352156,-120.32312475885772,fire_25410845
2021-08-30,47.95945176352156,-120.32312475885772,fire_25410845
2021-08-31,47.95945176352156,-120.32312475885772,fire_25410845
2021-09-01,47.95945176352156,-120.32312475885772,fire_25410845
2021-09-02,47.95945176352156,-120.32312475885772,fire_25410845
2021-09-03,47.95945176352156,-120.32312475885772,fire_25410845
2021-09-04,47.95945176352156,-120.32312475885772,fire_25410845
2021-09-05,47.95945176352156,-120.32312475885772,fire_25410845
2021-09-06,47.95945176352156,-120.32312475885772,fire_25410845
2021-09-07,47.95945176352156,-120.32312475885772,fire_25410845
2021-09-08,47.95945176352156,-120.32312475885772,fire_25410845
2021-09-09,47.95945176352156,-120.32312475885772,fire_25410845
2021-09-10,47.95945176352156,-120.32312475885772,fire_25410845
2021-09-11,47.95945176352156,-120.32312475885772,fire_25410845
2021-09-12,47.95945176352156,-120.32312475885772,fire_25410845
2021-08-10,46.55056942946699,-116.51833692630828,fire_25410883
2021-08-11,46.55056942946699,-116.51833692630828,fire_25410883
2021-08-12,46.55056942946699,-116.51833692630828,fire_25410883
2021-08-13,46.55056942946699,-116.51833692630828,fire_25410883
2021-08-14,46.55056942946699,-116.51833692630828,fire_25410883
2021-08-15,46.55056942946699,-116.51833692630828,fire_25410883
2021-08-16,46.55056942946699,-116.51833692630828,fire_25410883
2021-08-17,46.55056942946699,-116.51833692630828,fire_25410883
2021-08-18,46.55056942946699,-116.51833692630828,fire_25410883
2021-08-19,46.55056942946699,-116.51833692630828,fire_25410883
2021-08-20,46.55056942946699,-116.51833692630828,fire_25410883
2021-08-21,46.55056942946699,-116.51833692630828,fire_25410883
2021-08-22,46.55056942946699,-116.51833692630828,fire_25410883
2021-08-23,46.55056942946699,-116.51833692630828,fire_25410883
2021-08-13,46.26451825725362,-116.17440186110476,fire_25410907
2021-08-14,46.26451825725362,-116.17440186110476,fire_25410907
2021-08-15,46.26451825725362,-116.17440186110476,fire_25410907
2021-08-16,46.26451825725362,-116.17440186110476,fire_25410907
2021-08-17,46.26451825725362,-116.17440186110476,fire_25410907
2021-08-18,46.26451825725362,-116.17440186110476,fire_25410907
2021-08-19,46.26451825725362,-116.17440186110476,fire_25410907
2021-08-20,46.26451825725362,-116.17440186110476,fire_25410907
2021-08-21,46.26451825725362,-116.17440186110476,fire_25410907
2021-08-22,46.26451825725362,-116.17440186110476,fire_25410907
2021-08-23,46.26451825725362,-116.17440186110476,fire_25410907
2021-08-24,46.26451825725362,-116.17440186110476,fire_25410907
2021-08-25,46.26451825725362,-116.17440186110476,fire_25410907
2021-08-26,46.26451825725362,-116.17440186110476,fire_25410907
2021-08-27,46.26451825725362,-116.17440186110476,fire_25410907
2021-08-28,46.26451825725362,-116.17440186110476,fire_25410907
2021-08-29,46.26451825725362,-116.17440186110476,fire_25410907
2021-08-30,46.26451825725362,-116.17440186110476,fire_25410907
2021-08-31,46.26451825725362,-116.17440186110476,fire_25410907
2021-09-01,46.26451825725362,-116.17440186110476,fire_25410907
2021-08-20,45.97729988360988,-116.0631750364142,fire_25410960
2021-08-21,45.97729988360988,-116.0631750364142,fire_25410960
2021-08-22,45.97729988360988,-116.0631750364142,fire_25410960
2021-08-23,45.97729988360988,-116.0631750364142,fire_25410960
2021-08-24,45.97729988360988,-116.0631750364142,fire_25410960
2021-08-25,45.97729988360988,-116.0631750364142,fire_25410960
2021-08-26,45.97729988360988,-116.0631750364142,fire_25410960
2021-08-27,45.97729988360988,-116.0631750364142,fire_25410960
2021-08-28,45.97729988360988,-116.0631750364142,fire_25410960
2021-08-29,45.97729988360988,-116.0631750364142,fire_25410960
2021-08-26,45.54041911430181,-115.78634164888705,fire_25410972
2021-08-27,45.54041911430181,-115.78634164888705,fire_25410972
2021-08-28,45.54041911430181,-115.78634164888705,fire_25410972
2021-08-29,45.54041911430181,-115.78634164888705,fire_25410972
2021-08-30,45.54041911430181,-115.78634164888705,fire_25410972
2021-08-31,45.54041911430181,-115.78634164888705,fire_25410972
2021-09-01,45.54041911430181,-115.78634164888705,fire_25410972
2021-09-02,45.54041911430181,-115.78634164888705,fire_25410972
2021-09-03,45.54041911430181,-115.78634164888705,fire_25410972
2021-09-04,45.54041911430181,-115.78634164888705,fire_25410972
2021-09-05,45.54041911430181,-115.78634164888705,fire_25410972
2021-09-06,45.54041911430181,-115.78634164888705,fire_25410972
2021-09-07,45.54041911430181,-115.78634164888705,fire_25410972
2021-09-08,45.54041911430181,-115.78634164888705,fire_25410972
2021-09-09,45.54041911430181,-115.78634164888705,fire_25410972
2021-09-10,45.54041911430181,-115.78634164888705,fire_25410972
2021-09-11,45.54041911430181,-115.78634164888705,fire_25410972
2021-09-12,45.54041911430181,-115.78634164888705,fire_25410972
2021-09-13,45.54041911430181,-115.78634164888705,fire_25410972
2021-09-14,45.54041911430181,-115.78634164888705,fire_25410972
2021-08-03,44.8840061361587,-122.03094558131916,fire_25410996
2021-08-04,44.8840061361587,-122.03094558131916,fire_25410996
2021-08-05,44.8840061361587,-122.03094558131916,fire_25410996
2021-08-06,44.8840061361587,-122.03094558131916,fire_25410996
2021-08-07,44.8840061361587,-122.03094558131916,fire_25410996
2021-08-08,44.8840061361587,-122.03094558131916,fire_25410996
2021-08-09,44.8840061361587,-122.03094558131916,fire_25410996
2021-08-10,44.8840061361587,-122.03094558131916,fire_25410996
2021-08-11,44.8840061361587,-122.03094558131916,fire_25410996
2021-08-12,44.8840061361587,-122.03094558131916,fire_25410996
2021-08-13,44.8840061361587,-122.03094558131916,fire_25410996
2021-08-14,44.8840061361587,-122.03094558131916,fire_25410996
2021-08-15,44.8840061361587,-122.03094558131916,fire_25410996
2021-08-16,44.8840061361587,-122.03094558131916,fire_25410996
2021-08-17,44.8840061361587,-122.03094558131916,fire_25410996
2021-08-18,44.8840061361587,-122.03094558131916,fire_25410996
2021-08-19,44.8840061361587,-122.03094558131916,fire_25410996
2021-08-20,44.8840061361587,-122.03094558131916,fire_25410996
2021-08-21,44.8840061361587,-122.03094558131916,fire_25410996
2021-08-22,44.8840061361587,-122.03094558131916,fire_25410996
2021-08-23,44.8840061361587,-122.03094558131916,fire_25410996
2021-08-24,44.8840061361587,-122.03094558131916,fire_25410996
2021-08-25,44.8840061361587,-122.03094558131916,fire_25410996
2021-08-04,44.12999164319925,-118.3649899372985,fire_25411029
2021-08-05,44.12999164319925,-118.3649899372985,fire_25411029
2021-08-06,44.12999164319925,-118.3649899372985,fire_25411029
2021-08-07,44.12999164319925,-118.3649899372985,fire_25411029
2021-08-08,44.12999164319925,-118.3649899372985,fire_25411029
2021-08-09,44.12999164319925,-118.3649899372985,fire_25411029
2021-08-10,44.12999164319925,-118.3649899372985,fire_25411029
2021-08-11,44.12999164319925,-118.3649899372985,fire_25411029
2021-08-12,44.12999164319925,-118.3649899372985,fire_25411029
2021-08-13,44.12999164319925,-118.3649899372985,fire_25411029
2021-08-14,44.12999164319925,-118.3649899372985,fire_25411029
2021-08-15,44.12999164319925,-118.3649899372985,fire_25411029
2021-08-16,44.12999164319925,-118.3649899372985,fire_25411029
2021-08-17,44.12999164319925,-118.3649899372985,fire_25411029
2021-08-18,44.12999164319925,-118.3649899372985,fire_25411029
2021-08-19,44.12999164319925,-118.3649899372985,fire_25411029
2021-08-20,44.12999164319925,-118.3649899372985,fire_25411029
2021-08-21,44.12999164319925,-118.3649899372985,fire_25411029
2021-08-22,44.12999164319925,-118.3649899372985,fire_25411029
2021-08-11,42.23174790732991,-120.58405707523222,fire_25411134
2021-08-12,42.23174790732991,-120.58405707523222,fire_25411134
2021-08-13,42.23174790732991,-120.58405707523222,fire_25411134
2021-08-14,42.23174790732991,-120.58405707523222,fire_25411134
2021-08-15,42.23174790732991,-120.58405707523222,fire_25411134
2021-08-16,42.23174790732991,-120.58405707523222,fire_25411134
2021-08-17,42.23174790732991,-120.58405707523222,fire_25411134
2021-08-18,42.23174790732991,-120.58405707523222,fire_25411134
2021-08-19,42.23174790732991,-120.58405707523222,fire_25411134
2021-08-20,42.23174790732991,-120.58405707523222,fire_25411134
2021-08-21,42.23174790732991,-120.58405707523222,fire_25411134
2021-08-22,42.23174790732991,-120.58405707523222,fire_25411134
2021-08-23,42.23174790732991,-120.58405707523222,fire_25411134
2021-08-24,42.23174790732991,-120.58405707523222,fire_25411134
2021-08-25,42.23174790732991,-120.58405707523222,fire_25411134
2021-08-26,42.23174790732991,-120.58405707523222,fire_25411134
2021-08-27,42.23174790732991,-120.58405707523222,fire_25411134
2021-08-28,42.23174790732991,-120.58405707523222,fire_25411134
2021-08-04,48.77928038765702,-119.0845977110126,fire_25411738
2021-08-05,48.77928038765702,-119.0845977110126,fire_25411738
2021-08-06,48.77928038765702,-119.0845977110126,fire_25411738
2021-08-07,48.77928038765702,-119.0845977110126,fire_25411738
2021-08-08,48.77928038765702,-119.0845977110126,fire_25411738
2021-08-09,48.77928038765702,-119.0845977110126,fire_25411738
2021-08-10,48.77928038765702,-119.0845977110126,fire_25411738
2021-08-11,48.77928038765702,-119.0845977110126,fire_25411738
2021-08-12,48.77928038765702,-119.0845977110126,fire_25411738
2021-08-13,48.77928038765702,-119.0845977110126,fire_25411738
2021-08-14,48.77928038765702,-119.0845977110126,fire_25411738
2021-08-15,48.77928038765702,-119.0845977110126,fire_25411738
2021-08-16,48.77928038765702,-119.0845977110126,fire_25411738
2021-08-17,48.77928038765702,-119.0845977110126,fire_25411738
2021-08-18,48.77928038765702,-119.0845977110126,fire_25411738
2021-08-19,48.77928038765702,-119.0845977110126,fire_25411738
2021-08-20,48.77928038765702,-119.0845977110126,fire_25411738
2021-08-21,48.77928038765702,-119.0845977110126,fire_25411738
2021-08-22,48.77928038765702,-119.0845977110126,fire_25411738
2021-08-23,48.77928038765702,-119.0845977110126,fire_25411738
2021-08-24,48.77928038765702,-119.0845977110126,fire_25411738
2021-08-25,48.77928038765702,-119.0845977110126,fire_25411738
2021-08-07,48.78493052154632,-118.27540944856716,fire_25411739
2021-08-08,48.78493052154632,-118.27540944856716,fire_25411739
2021-08-09,48.78493052154632,-118.27540944856716,fire_25411739
2021-08-10,48.78493052154632,-118.27540944856716,fire_25411739
2021-08-11,48.78493052154632,-118.27540944856716,fire_25411739
2021-08-12,48.78493052154632,-118.27540944856716,fire_25411739
2021-08-13,48.78493052154632,-118.27540944856716,fire_25411739
2021-08-14,48.78493052154632,-118.27540944856716,fire_25411739
2021-08-15,48.78493052154632,-118.27540944856716,fire_25411739
2021-08-13,48.76417466061963,-119.73782491185848,fire_25411748
2021-08-14,48.76417466061963,-119.73782491185848,fire_25411748
2021-08-15,48.76417466061963,-119.73782491185848,fire_25411748
2021-08-16,48.76417466061963,-119.73782491185848,fire_25411748
2021-08-17,48.76417466061963,-119.73782491185848,fire_25411748
2021-08-18,48.76417466061963,-119.73782491185848,fire_25411748
2021-08-19,48.76417466061963,-119.73782491185848,fire_25411748
2021-08-04,48.58840922404224,-119.78310859346408,fire_25411777
2021-08-05,48.58840922404224,-119.78310859346408,fire_25411777
2021-08-06,48.58840922404224,-119.78310859346408,fire_25411777
2021-08-07,48.58840922404224,-119.78310859346408,fire_25411777
2021-08-08,48.58840922404224,-119.78310859346408,fire_25411777
2021-08-09,48.58840922404224,-119.78310859346408,fire_25411777
2021-08-10,48.58840922404224,-119.78310859346408,fire_25411777
2021-08-11,48.58840922404224,-119.78310859346408,fire_25411777
2021-08-12,48.58840922404224,-119.78310859346408,fire_25411777
2021-08-13,48.58840922404224,-119.78310859346408,fire_25411777
2021-08-14,48.58840922404224,-119.78310859346408,fire_25411777
2021-08-15,48.58840922404224,-119.78310859346408,fire_25411777
2021-08-16,48.58840922404224,-119.78310859346408,fire_25411777
2021-08-17,48.58840922404224,-119.78310859346408,fire_25411777
2021-08-18,48.58840922404224,-119.78310859346408,fire_25411777
2021-08-12,48.429530560393495,-118.42250067366996,fire_25411795
2021-08-13,48.429530560393495,-118.42250067366996,fire_25411795
2021-08-14,48.429530560393495,-118.42250067366996,fire_25411795
2021-08-15,48.429530560393495,-118.42250067366996,fire_25411795
2021-08-16,48.429530560393495,-118.42250067366996,fire_25411795
2021-08-17,48.429530560393495,-118.42250067366996,fire_25411795
2021-08-18,48.429530560393495,-118.42250067366996,fire_25411795
2021-08-19,48.429530560393495,-118.42250067366996,fire_25411795
2021-08-20,48.429530560393495,-118.42250067366996,fire_25411795
2021-08-21,48.429530560393495,-118.42250067366996,fire_25411795
2021-08-22,48.429530560393495,-118.42250067366996,fire_25411795
2021-08-23,48.429530560393495,-118.42250067366996,fire_25411795
2021-08-24,48.429530560393495,-118.42250067366996,fire_25411795
2021-08-25,48.429530560393495,-118.42250067366996,fire_25411795
2021-08-26,48.429530560393495,-118.42250067366996,fire_25411795
2021-08-27,48.429530560393495,-118.42250067366996,fire_25411795
2021-08-28,48.429530560393495,-118.42250067366996,fire_25411795
2021-08-29,48.429530560393495,-118.42250067366996,fire_25411795
2021-08-30,48.429530560393495,-118.42250067366996,fire_25411795
2021-08-31,48.429530560393495,-118.42250067366996,fire_25411795
2021-09-01,48.429530560393495,-118.42250067366996,fire_25411795
2021-09-02,48.429530560393495,-118.42250067366996,fire_25411795
2021-09-03,48.429530560393495,-118.42250067366996,fire_25411795
2021-09-04,48.429530560393495,-118.42250067366996,fire_25411795
2021-09-05,48.429530560393495,-118.42250067366996,fire_25411795
2021-08-03,48.19847793705312,-119.25527530968048,fire_25411821
2021-08-04,48.19847793705312,-119.25527530968048,fire_25411821
2021-08-05,48.19847793705312,-119.25527530968048,fire_25411821
2021-08-06,48.19847793705312,-119.25527530968048,fire_25411821
2021-08-07,48.19847793705312,-119.25527530968048,fire_25411821
2021-08-08,48.19847793705312,-119.25527530968048,fire_25411821
2021-08-09,48.19847793705312,-119.25527530968048,fire_25411821
2021-08-10,48.19847793705312,-119.25527530968048,fire_25411821
2021-08-11,48.19847793705312,-119.25527530968048,fire_25411821
2021-08-12,48.19847793705312,-119.25527530968048,fire_25411821
2021-08-13,48.19847793705312,-119.25527530968048,fire_25411821
2021-08-14,48.19847793705312,-119.25527530968048,fire_25411821
2021-08-15,48.19847793705312,-119.25527530968048,fire_25411821
2021-08-13,47.99424647609614,-108.58611623022789,fire_25411825
2021-08-14,47.99424647609614,-108.58611623022789,fire_25411825
2021-08-15,47.99424647609614,-108.58611623022789,fire_25411825
2021-08-16,47.99424647609614,-108.58611623022789,fire_25411825
2021-08-17,47.99424647609614,-108.58611623022789,fire_25411825
2021-08-18,47.99424647609614,-108.58611623022789,fire_25411825
2021-08-19,47.99424647609614,-108.58611623022789,fire_25411825
2021-08-20,47.99424647609614,-108.58611623022789,fire_25411825
2021-08-21,47.99424647609614,-108.58611623022789,fire_25411825
2021-08-22,47.99424647609614,-108.58611623022789,fire_25411825
2021-08-23,47.99424647609614,-108.58611623022789,fire_25411825
2021-08-24,47.99424647609614,-108.58611623022789,fire_25411825
2021-08-25,47.99424647609614,-108.58611623022789,fire_25411825
2021-08-26,47.99424647609614,-108.58611623022789,fire_25411825
2021-08-27,47.99424647609614,-108.58611623022789,fire_25411825
2021-08-28,47.99424647609614,-108.58611623022789,fire_25411825
2021-08-29,47.99424647609614,-108.58611623022789,fire_25411825
2021-08-30,47.99424647609614,-108.58611623022789,fire_25411825
2021-08-08,45.7341780442902,-106.5094700331836,fire_25411889
2021-08-09,45.7341780442902,-106.5094700331836,fire_25411889
2021-08-10,45.7341780442902,-106.5094700331836,fire_25411889
2021-08-11,45.7341780442902,-106.5094700331836,fire_25411889
2021-08-12,45.7341780442902,-106.5094700331836,fire_25411889
2021-08-13,45.7341780442902,-106.5094700331836,fire_25411889
2021-08-14,45.7341780442902,-106.5094700331836,fire_25411889
2021-08-15,45.7341780442902,-106.5094700331836,fire_25411889
2021-08-30,45.81536814163053,-113.15339172984778,fire_25411893
2021-08-31,45.81536814163053,-113.15339172984778,fire_25411893
2021-09-01,45.81536814163053,-113.15339172984778,fire_25411893
2021-09-02,45.81536814163053,-113.15339172984778,fire_25411893
2021-09-03,45.81536814163053,-113.15339172984778,fire_25411893
2021-09-04,45.81536814163053,-113.15339172984778,fire_25411893
2021-09-05,45.81536814163053,-113.15339172984778,fire_25411893
2021-09-06,45.81536814163053,-113.15339172984778,fire_25411893
2021-09-07,45.81536814163053,-113.15339172984778,fire_25411893
2021-09-08,45.81536814163053,-113.15339172984778,fire_25411893
2021-09-09,45.81536814163053,-113.15339172984778,fire_25411893
2021-09-10,45.81536814163053,-113.15339172984778,fire_25411893
2021-09-11,45.81536814163053,-113.15339172984778,fire_25411893
2021-09-12,45.81536814163053,-113.15339172984778,fire_25411893
2021-08-10,45.65215893620764,-108.35127910354356,fire_25411896
2021-08-11,45.65215893620764,-108.35127910354356,fire_25411896
2021-08-12,45.65215893620764,-108.35127910354356,fire_25411896
2021-08-13,45.65215893620764,-108.35127910354356,fire_25411896
2021-08-10,45.64772147120508,-106.77568877579397,fire_25411897
2021-08-11,45.64772147120508,-106.77568877579397,fire_25411897
2021-08-12,45.64772147120508,-106.77568877579397,fire_25411897
2021-08-13,45.64772147120508,-106.77568877579397,fire_25411897
2021-08-14,45.64772147120508,-106.77568877579397,fire_25411897
2021-08-15,45.64772147120508,-106.77568877579397,fire_25411897
2021-08-26,45.579931300153504,-113.8875773390738,fire_25411905
2021-08-27,45.579931300153504,-113.8875773390738,fire_25411905
2021-08-28,45.579931300153504,-113.8875773390738,fire_25411905
2021-08-29,45.579931300153504,-113.8875773390738,fire_25411905
2021-08-30,45.579931300153504,-113.8875773390738,fire_25411905
2021-08-31,45.579931300153504,-113.8875773390738,fire_25411905
2021-09-01,45.579931300153504,-113.8875773390738,fire_25411905
2021-09-02,45.579931300153504,-113.8875773390738,fire_25411905
2021-09-03,45.579931300153504,-113.8875773390738,fire_25411905
2021-09-04,45.579931300153504,-113.8875773390738,fire_25411905
2021-09-05,45.579931300153504,-113.8875773390738,fire_25411905
2021-09-06,45.579931300153504,-113.8875773390738,fire_25411905
2021-09-07,45.579931300153504,-113.8875773390738,fire_25411905
2021-09-08,45.579931300153504,-113.8875773390738,fire_25411905
2021-09-09,45.579931300153504,-113.8875773390738,fire_25411905
2021-09-10,45.579931300153504,-113.8875773390738,fire_25411905
2021-09-11,45.579931300153504,-113.8875773390738,fire_25411905
2021-09-12,45.579931300153504,-113.8875773390738,fire_25411905
2021-08-04,44.95598007368725,-107.7560882372278,fire_25411915
2021-08-05,44.95598007368725,-107.7560882372278,fire_25411915
2021-08-06,44.95598007368725,-107.7560882372278,fire_25411915
2021-08-07,44.95598007368725,-107.7560882372278,fire_25411915
2021-08-08,44.95598007368725,-107.7560882372278,fire_25411915
2021-08-09,44.95598007368725,-107.7560882372278,fire_25411915
2021-08-10,44.95598007368725,-107.7560882372278,fire_25411915
2021-08-11,44.95598007368725,-107.7560882372278,fire_25411915
2021-08-12,44.95598007368725,-107.7560882372278,fire_25411915
2021-08-13,44.95598007368725,-107.7560882372278,fire_25411915
2021-08-14,44.95598007368725,-107.7560882372278,fire_25411915
2021-08-15,44.95598007368725,-107.7560882372278,fire_25411915
2021-08-16,44.95598007368725,-107.7560882372278,fire_25411915
2021-08-17,44.95598007368725,-107.7560882372278,fire_25411915
2021-08-18,44.95598007368725,-107.7560882372278,fire_25411915
2021-08-19,44.95598007368725,-107.7560882372278,fire_25411915
2021-08-20,44.95598007368725,-107.7560882372278,fire_25411915
2021-08-21,44.95598007368725,-107.7560882372278,fire_25411915
2021-08-22,44.95598007368725,-107.7560882372278,fire_25411915
2021-08-23,44.95598007368725,-107.7560882372278,fire_25411915
2021-08-24,44.95598007368725,-107.7560882372278,fire_25411915
2021-09-05,41.67201903246135,-121.66278487056816,fire_25547912
2021-09-06,41.67201903246135,-121.66278487056816,fire_25547912
2021-09-07,41.67201903246135,-121.66278487056816,fire_25547912
2021-09-08,41.67201903246135,-121.66278487056816,fire_25547912
2021-09-09,41.67201903246135,-121.66278487056816,fire_25547912
2021-09-10,41.67201903246135,-121.66278487056816,fire_25547912
2021-09-11,41.67201903246135,-121.66278487056816,fire_25547912
2021-09-12,41.67201903246135,-121.66278487056816,fire_25547912
2021-09-13,41.67201903246135,-121.66278487056816,fire_25547912
2021-09-14,41.67201903246135,-121.66278487056816,fire_25547912
2021-09-06,42.387489115002886,-120.49186201572076,fire_25548446
2021-09-07,42.387489115002886,-120.49186201572076,fire_25548446
2021-09-08,42.387489115002886,-120.49186201572076,fire_25548446
2021-09-09,42.387489115002886,-120.49186201572076,fire_25548446
2021-09-10,42.387489115002886,-120.49186201572076,fire_25548446
2021-09-11,42.387489115002886,-120.49186201572076,fire_25548446
2021-09-12,42.387489115002886,-120.49186201572076,fire_25548446
2021-09-13,42.387489115002886,-120.49186201572076,fire_25548446
2021-09-14,42.387489115002886,-120.49186201572076,fire_25548446
2021-09-15,42.387489115002886,-120.49186201572076,fire_25548446
2021-09-16,42.387489115002886,-120.49186201572076,fire_25548446
2021-09-17,42.387489115002886,-120.49186201572076,fire_25548446
2021-09-18,42.387489115002886,-120.49186201572076,fire_25548446
2021-09-19,42.387489115002886,-120.49186201572076,fire_25548446
2021-09-20,42.387489115002886,-120.49186201572076,fire_25548446
2021-10-21,39.90108723068762,-111.68807326998116,fire_25639315
2021-10-22,39.90108723068762,-111.68807326998116,fire_25639315
2021-10-23,39.90108723068762,-111.68807326998116,fire_25639315
2021-10-24,39.90108723068762,-111.68807326998116,fire_25639315
2021-10-25,39.90108723068762,-111.68807326998116,fire_25639315
2021-10-26,39.90108723068762,-111.68807326998116,fire_25639315
2021-10-27,39.90108723068762,-111.68807326998116,fire_25639315
2021-10-28,39.90108723068762,-111.68807326998116,fire_25639315
2021-10-29,39.90108723068762,-111.68807326998116,fire_25639315
2021-10-30,39.90108723068762,-111.68807326998116,fire_25639315
2021-10-31,39.90108723068762,-111.68807326998116,fire_25639315
2021-11-01,39.90108723068762,-111.68807326998116,fire_25639315
2021-11-02,39.90108723068762,-111.68807326998116,fire_25639315
2021-11-03,39.90108723068762,-111.68807326998116,fire_25639315
2021-11-04,39.90108723068762,-111.68807326998116,fire_25639315
